sample_name	species_id	pangenome_size	covered_genes	fraction_covered	aligned_reads	mapped_reads	mean_depth	marker_depth
Dysp_0010	240891	29018	16372	0.564	1687195	1627223	9.031	104.636
Dysp_0007	240891	29018	12347	0.425	293884	283833	1.895	8.839
Dysp_0107	240891	29018	16364	0.564	3006664	2854287	15.176	177.125
Dysp_0047	240891	29018	15490	0.534	888243	845643	4.909	52.122
Dysp_0132	240891	29018	16905	0.583	2484681	2408048	13.220	123.062
Dysp_0111	240891	29018	17422	0.600	1194684	1153176	5.979	71.737
Dysp_0079	240891	29018	8741	0.301	302498	288701	3.476	3.898
Dysp_0023	240891	29018	11017	0.380	413860	400814	3.797	5.340
Dysp_0052	240891	29018	15910	0.548	947422	916892	5.194	52.529
Dysp_0042	240891	29018	15545	0.536	1262653	1227491	6.913	75.499
Dysp_0021	240891	29018	10692	0.368	148541	143651	1.213	10.272
Dysp_0118	240891	29018	13038	0.449	688963	664279	5.400	11.537
Dysp_0046	240891	29018	11150	0.384	255430	247673	1.428	6.375
Dysp_0067	240891	29018	15959	0.550	2187621	2083392	11.780	139.802
Dysp_0096	240891	29018	8279	0.285	772812	734105	9.438	3.247
Dysp_0030	240891	29018	9132	0.315	164772	159466	1.110	3.883
Dysp_0001	240891	29018	18289	0.630	4724129	4481492	22.583	279.963
Dysp_0037	240891	29018	16241	0.560	2786077	2693531	14.841	160.865
Dysp_0002	240891	29018	17614	0.607	6281470	6048806	32.357	382.623
Dysp_0162	240891	29018	15010	0.517	1172031	1127981	7.303	23.021
Dysp_0078	240891	29018	16007	0.552	1614958	1522576	8.531	97.470
Dysp_0035	240891	29018	11062	0.381	266743	232561	1.957	7.414
Dysp_0144	240891	29018	19174	0.661	4289053	4141099	19.127	268.755
Dysp_0069	240891	29018	16238	0.560	1305513	1259562	6.272	53.057
Dysp_0157	240891	29018	17087	0.589	3258587	3150848	16.558	196.582
Dysp_0115	240891	29018	14903	0.514	630359	558423	3.216	11.683
Dysp_0129	240891	29018	16775	0.578	1584292	1537800	8.291	94.573
Dysp_0076	240891	29018	16967	0.585	1010937	923698	5.203	44.988
Dysp_0081	240891	29018	15763	0.543	2517574	2385452	13.441	144.034
Dysp_0133	240891	29018	15523	0.535	618365	599416	3.535	30.416
Dysp_0012	240891	29018	14078	0.485	364196	351905	2.269	20.897
Dysp_0150	240891	29018	17239	0.594	2381248	2306969	12.192	150.418
Dysp_0094	240891	29018	17211	0.593	7238416	6871420	35.904	453.219
Dysp_0048	240891	29018	12761	0.440	315670	305226	1.995	10.841
Dysp_0169	240891	29018	17657	0.608	2936390	2849077	14.833	171.888
Dysp_0015	240891	29018	16292	0.561	2534458	2446188	13.667	151.583
Dysp_0040	240891	29018	15287	0.527	964018	914376	5.279	56.058
Dysp_0159	240891	29018	15882	0.547	882748	854313	4.786	48.655
Dysp_0165	240891	29018	14579	0.502	480446	459965	2.912	25.919
Dysp_0092	240891	29018	15728	0.542	1277989	1208854	6.809	71.679
Dysp_0089	240891	29018	14905	0.514	1038173	986321	6.777	21.687
VMG_0004	240891	29018	9694	0.334	199667	190393	1.469	5.300
Dysp_0172	240891	29018	15020	0.518	1132922	1095132	6.384	69.920
Dysp_0112	240891	29018	10431	0.359	408159	387441	3.862	5.658
Dysp_0154	240891	29018	15977	0.551	1326914	1281674	7.159	77.314
Dysp_0153	240891	29018	17178	0.592	3544126	3419481	17.837	219.943
VMG_0010	240891	29018	13002	0.448	778987	732926	3.856	17.394
Dysp_0103	240891	29018	15870	0.547	2167011	2055722	11.693	129.507
Dysp_0055	240891	29018	12732	0.439	372552	360437	2.280	9.612
Dysp_0101	240891	29018	16604	0.572	3261650	3149456	17.099	203.041
Dysp_0125	240891	29018	15653	0.539	1717597	1658476	9.623	101.103
Dysp_0161	240891	29018	15732	0.542	2015254	1944512	11.116	110.190
VMG_0015	240891	29018	14459	0.498	586043	557213	3.460	33.426
Dysp_0122	240891	29018	17008	0.586	4253442	4046355	21.454	232.135
VMG_0052	240891	29018	16459	0.567	5488776	5291052	29.522	330.431
VMG_0069	240891	29018	17319	0.597	3315082	3196449	16.719	213.568
VMG_0096	240891	29018	10964	0.378	704952	674584	6.575	5.268
VMG_0118	240891	29018	17703	0.610	4089345	3932023	19.981	244.531
VMG_0068	240891	29018	12903	0.445	801522	765582	5.804	14.885
VMG_0054	240891	29018	17269	0.595	1301496	1252973	6.723	77.826
VMG_0014	240891	29018	15510	0.534	1495955	1419989	8.277	94.543
VMG_0060	240891	29018	16375	0.564	2467547	2376407	13.204	149.645
Dysp_0146	240891	29018	18206	0.627	1732715	1672671	8.344	89.362
VMG_0133	240891	29018	18440	0.635	6157861	5939967	29.123	326.782
VMG_0127	240891	29018	17505	0.603	3452465	3332564	16.963	207.167
Dysp_0049	240891	29018	12908	0.445	426310	412073	2.594	10.822
VMG_0097	240891	29018	15648	0.539	1855805	1756333	9.974	113.039
VMG_0123	240891	29018	18049	0.622	6194811	5980969	29.821	358.265
VMG_0125	240891	29018	15924	0.549	819330	793041	4.458	50.432
VMG_0143	240891	29018	13979	0.482	557203	537555	3.448	33.311
VMG_0149	240891	29018	12978	0.447	512393	493236	3.836	10.269
VMG_0045	240891	29018	14355	0.495	850090	821076	5.179	49.026
Dysp_0070	240891	29018	16509	0.569	1180246	1140301	5.504	37.174
Dysp_0143	240891	29018	16935	0.584	3391262	3288470	17.788	205.530
Dysp_0130	240891	29018	16419	0.566	1123210	1004151	6.005	49.915
Dysp_0003	240891	29018	13789	0.475	294284	283743	1.864	16.695
VMG_0071	240891	29018	17584	0.606	3144529	2947843	14.833	162.151
VMG_0089	240891	29018	12836	0.442	300202	287112	2.020	16.316
VMG_0040	240891	29018	15381	0.530	970334	928166	5.397	59.280
VMG_0169	240891	29018	16383	0.565	1976450	1897479	10.553	105.466
VMG_0081	240891	29018	14768	0.509	650216	622482	3.750	43.503
VMG_0154	240891	29018	15997	0.551	1921774	1857144	10.173	99.450
VMG_0080	240891	29018	17391	0.599	1300500	1248329	6.661	71.484
Dysp_0091	240891	29018	17324	0.597	4920364	4668017	23.785	292.257
VMG_0055	240891	29018	16291	0.561	863835	831081	4.619	56.688
VMG_0056	240891	29018	17794	0.613	2572250	2391412	11.959	132.782
VMG_0107	240891	29018	14983	0.516	862937	821536	4.862	51.477
VMG_0141	240891	29018	16803	0.579	1291433	1246075	6.602	76.310
VMG_0159	240891	29018	15644	0.539	4050764	3890557	22.401	247.319
VMG_0013	240891	29018	16305	0.562	1080419	1025544	4.680	23.409
VMG_0103	240891	29018	16127	0.556	1380058	1312838	7.295	82.363
Dysp_0177	240891	29018	17135	0.590	2167822	2103263	11.310	107.691
VMG_0153	240891	29018	17140	0.591	2253440	2162908	11.427	131.545
Dysp_0175	240891	29018	16864	0.581	1272945	1233708	6.607	72.226
VMG_0129	240891	29018	15164	0.523	921093	884655	5.411	55.388
VMG_0031	240891	29018	16944	0.584	2321844	2180777	11.447	134.295
VMG_0057	240891	29018	11089	0.382	242092	230430	1.596	4.040
VMG_0175	240891	29018	12335	0.425	337281	324303	2.556	11.548
VMG_0120	240891	29018	16677	0.575	5606609	5395772	28.649	330.663
VMG_0171	240891	29018	18869	0.650	2597666	2468148	11.683	137.564
VMG_0146	240891	29018	14749	0.508	1255679	1162045	4.841	28.874
Dysp_0060	240891	29018	16056	0.553	1564280	1490121	8.518	91.563
Dysp_0140	240891	29018	17014	0.586	1859371	1806816	9.503	105.140
VMG_0150	240891	29018	15576	0.537	1284444	1231723	7.274	63.900
VMG_0166	240891	29018	13758	0.474	388314	372573	2.378	22.060
VMG_0008	240891	29018	14794	0.510	657103	624901	3.247	14.131
Dysp_0117	240891	29018	13642	0.470	377974	352130	2.472	18.023
VMG_0164	240891	29018	14787	0.510	1109459	1059338	7.390	23.192
VMG_0112	240891	29018	17138	0.591	2410540	2307138	11.924	143.110
Dysp_0151	240891	29018	14678	0.506	506278	457037	3.106	19.314
VMG_0003	240891	29018	11340	0.391	683932	651655	6.025	8.346
VMG_0140	240891	29018	16566	0.571	2602738	2479910	13.781	157.576
Dysp_0019	240891	29018	10679	0.368	199098	171011	1.652	4.707
Dysp_0034	240891	29018	15686	0.541	1384921	1296783	7.753	72.221
VMG_0034	240891	29018	17974	0.619	3994313	3744080	18.707	234.820
Dysp_0061	240891	29018	7817	0.269	110717	91589	1.063	2.643
VMG_0128	240891	29018	14000	0.482	1705759	1639809	11.194	72.513
Dysp_0082	240891	29018	15480	0.533	655990	624724	3.768	32.184
VMG_0147	240891	29018	16712	0.576	1437829	1323946	7.015	73.600
Dysp_0073	240891	29018	13804	0.476	567390	539500	3.528	38.480
Dysp_0100	240891	29018	17675	0.609	1217885	1132127	6.040	50.389
Dysp_0110	240891	29018	16413	0.566	981063	935404	5.117	45.836
Dysp_0084	240891	29018	15395	0.531	2259986	2154141	12.669	134.289
VMG_0035	240891	29018	17149	0.591	5273647	5081464	27.022	279.799
VMG_0085	240891	29018	17024	0.587	2619387	2464561	12.954	149.011
Dysp_0058	240891	29018	15476	0.533	989046	939054	5.537	62.461
VMG_0100	240891	29018	17149	0.591	8438428	8105402	42.173	489.117
VMG_0016	240891	29018	14155	0.488	690462	650923	4.678	13.515
Dysp_0158	240891	29018	16694	0.575	2186034	2074084	11.282	130.174
Dysp_0155	240891	29018	15859	0.547	1411092	1326205	7.136	34.004
Dysp_0171	240891	29018	14484	0.499	693888	639106	3.817	26.546
VMG_0023	240891	29018	14468	0.499	754725	571988	4.150	13.581
Dysp_0164	240891	29018	12218	0.421	952399	864291	7.666	8.672
VMG_0119	240891	29018	17293	0.596	1159774	1094718	5.676	31.908
Dysp_0138	240891	29018	12644	0.436	468123	394880	3.317	7.531
VMG_0062	240891	29018	16972	0.585	3418435	3186471	17.058	194.912
VMG_0136	240891	29018	16819	0.580	2582669	2458299	13.115	151.488
VMG_0037	240891	29018	15547	0.536	1125120	1028863	6.044	40.130
VMG_0135	240891	29018	10740	0.370	1250310	1201620	12.324	7.186
Dysp_0031	240891	29018	16148	0.556	1111228	1022853	5.888	50.133
Dysp_0108	240891	29018	13998	0.482	1034449	982769	7.082	16.157
Dysp_0148	240891	29018	16449	0.567	1025591	873852	5.214	28.588
Dysp_0121	240891	29018	16498	0.569	1074075	876223	5.297	34.058
Dysp_0085	240891	29018	9020	0.311	483465	316483	3.480	2.462
Dysp_0114	240891	29018	14625	0.504	511339	447113	2.689	13.130
Dysp_0013	240891	29018	14720	0.507	1611699	1050872	7.675	23.437
Dysp_0093	240891	29018	16767	0.578	6275272	5972620	31.202	391.137
Dysp_0074	240891	29018	16187	0.558	657011	607693	3.100	13.618
VMG_0093	240891	29018	11669	0.402	910173	730132	6.582	5.579
VMG_0106	240891	29018	18439	0.635	2817703	2631249	12.991	143.744
Dysp_0170	240891	29018	18348	0.632	2696796	2564900	12.874	99.346
VMG_0145	240891	29018	15548	0.536	974116	855576	5.358	30.814
Dysp_0156	240891	29018	15721	0.542	1229777	1130511	6.778	43.224
VMG_0137	240891	29018	17111	0.590	1781217	1655057	8.826	90.567
VMG_0027	240891	29018	12510	0.431	1302815	1253528	10.507	13.460
VMG_0160	240891	29018	17021	0.587	1409108	1234502	7.127	47.135
Dysp_0087	240891	29018	13713	0.473	975788	762401	5.780	20.658
Dysp_0134	240891	29018	16989	0.585	6248502	6063969	32.328	369.206
Dysp_0135	240891	29018	8907	0.307	397738	315007	3.744	2.764
Dysp_0068	240891	29018	20299	0.700	9991403	9328253	43.724	445.104
VMG_0092	240891	29018	16651	0.574	1447978	1308083	7.121	81.102
VMG_0058	240891	29018	14874	0.513	536040	484173	3.075	21.562
Dysp_0054	240891	29018	10606	0.365	430973	370272	3.632	4.177
Dysp_0167	240891	29018	18504	0.638	3331379	3210145	15.574	189.487
Dysp_0039	240891	29018	19510	0.672	1737374	1584462	7.908	53.427
Dysp_0145	240891	29018	17652	0.608	1066745	992117	5.344	42.094
Dysp_0174	240891	29018	16211	0.559	1643723	1567493	8.809	82.017
Dysp_0044	988598	30778	11206	0.364	3080778	2968831	26.084	104.446
Dysp_0020	988598	30778	11510	0.374	1795877	1726385	14.956	58.410
Dysp_0065	988598	30778	12679	0.412	9231484	8756390	68.980	317.735
Dysp_0132	988598	30778	13083	0.425	6165282	5944428	45.646	172.718
Dysp_0022	988598	30778	12429	0.404	4087569	3925406	32.383	148.962
Dysp_0111	988598	30778	9828	0.319	169618	162928	1.668	4.686
Dysp_0079	988598	30778	12410	0.403	4418871	4200505	33.895	153.771
Dysp_0023	988598	30778	12823	0.417	5702805	5497325	43.419	179.078
Dysp_0083	988598	30778	12592	0.409	5322710	5072566	39.963	199.517
Dysp_0139	988598	30778	12793	0.416	5998827	5752155	45.753	170.246
Dysp_0052	988598	30778	13134	0.427	1107868	1064975	8.141	39.899
Dysp_0088	988598	30778	12332	0.401	4796751	4532539	36.658	158.557
Dysp_0118	988598	30778	12969	0.421	8089610	7772669	60.220	273.018
Dysp_0096	988598	30778	13061	0.424	13931167	13154022	101.773	477.620
Dysp_0001	988598	30778	12375	0.402	3767216	3558705	28.923	128.569
Dysp_0123	988598	30778	12724	0.413	3795856	3591967	28.418	119.763
Dysp_0162	988598	30778	12644	0.411	11431286	10980142	85.948	441.350
Dysp_0078	988598	30778	10475	0.340	573596	542339	5.189	20.272
Dysp_0168	988598	30778	12541	0.407	4980060	4803418	38.573	148.655
Dysp_0113	988598	30778	12625	0.410	2129417	2017080	15.969	80.060
Dysp_0059	988598	30778	11455	0.372	642107	594976	5.372	14.784
Dysp_0005	988598	30778	13342	0.433	12305636	11790102	86.793	387.598
Dysp_0064	988598	30778	12618	0.410	7435147	7177033	57.488	234.201
Dysp_0133	988598	30778	11901	0.387	653668	630656	5.302	19.995
Dysp_0136	988598	30778	13961	0.454	11618680	11204994	82.919	348.071
Dysp_0142	988598	30778	12698	0.413	13549572	13058990	103.371	437.264
Dysp_0014	988598	30778	12637	0.411	2712840	2609651	21.236	85.584
Dysp_0149	988598	30778	13015	0.423	7880428	7605957	58.893	253.196
Dysp_0089	988598	30778	13274	0.431	11423273	10794260	82.197	383.111
Dysp_0106	988598	30778	12342	0.401	4785480	4523039	36.569	149.696
Dysp_0112	988598	30778	14500	0.471	6137984	5788569	39.831	199.928
Dysp_0075	988598	30778	12484	0.406	6544222	6287294	50.364	205.041
VMG_0011	988598	30778	12744	0.414	2808687	2654718	20.844	81.415
VMG_0001	988598	30778	12232	0.397	1278277	1211563	10.085	40.612
VMG_0015	988598	30778	10931	0.355	417769	395284	3.603	14.499
VMG_0065	988598	30778	11036	0.359	2679106	2480596	21.524	72.810
VMG_0009	988598	30778	13368	0.434	6498138	6138258	45.953	184.399
VMG_0088	988598	30778	13279	0.431	10396487	9856907	74.124	319.956
VMG_0030	988598	30778	12496	0.406	8077100	7743166	62.920	254.677
VMG_0051	988598	30778	13659	0.444	9842664	9432518	70.541	288.673
VMG_0047	988598	30778	13740	0.446	15420423	14456792	103.620	391.421
VMG_0096	988598	30778	12987	0.422	10253395	9754623	74.797	347.238
VMG_0068	988598	30778	11787	0.383	15869388	15118222	125.208	553.563
VMG_0073	988598	30778	12793	0.416	1923898	1843197	14.639	65.737
VMG_0064	988598	30778	12277	0.399	6935276	6562559	52.789	235.122
VMG_0020	988598	30778	12591	0.409	5544907	5246328	41.702	180.945
VMG_0049	988598	30778	11981	0.389	17321810	16336768	133.756	630.812
VMG_0029	988598	30778	12323	0.400	13133864	12581022	103.468	433.555
VMG_0005	988598	30778	13728	0.446	14813242	14010250	103.914	447.917
VMG_0018	988598	30778	12004	0.390	1244831	1184306	9.763	41.976
VMG_0133	988598	30778	12618	0.410	741673	710092	5.877	17.534
VMG_0132	988598	30778	11313	0.368	2615208	2509480	21.989	85.918
VMG_0109	988598	30778	12371	0.402	2952189	2779585	21.789	59.206
VMG_0116	988598	30778	12454	0.405	2503548	2367076	19.119	84.148
VMG_0032	988598	30778	12916	0.420	1900283	1819010	14.329	57.660
VMG_0105	988598	30778	9335	0.303	225529	213695	2.191	4.629
VMG_0143	988598	30778	10672	0.347	290741	278756	2.597	8.828
VMG_0121	988598	30778	12619	0.410	15748852	15102806	120.297	486.194
VMG_0124	988598	30778	12767	0.415	2671232	2534403	19.423	49.782
VMG_0149	988598	30778	12950	0.421	6317367	6051965	46.428	216.705
VMG_0167	988598	30778	12956	0.421	4644178	4431681	34.219	125.359
VMG_0045	988598	30778	12080	0.392	1941200	1861740	15.412	71.842
Dysp_0070	988598	30778	13514	0.439	5143773	4958474	35.674	107.160
VMG_0044	988598	30778	12103	0.393	1964623	1888423	15.898	66.359
Dysp_0130	988598	30778	9748	0.317	216887	201709	2.283	3.710
Dysp_0119	988598	30778	12281	0.399	6512402	6164786	50.283	196.615
VMG_0077	988598	30778	12644	0.411	2982281	2795163	22.307	83.329
VMG_0095	988598	30778	13630	0.443	5751580	5480718	39.471	183.163
Dysp_0017	988598	30778	12808	0.416	2355081	2255910	17.581	82.372
VMG_0102	988598	30778	12143	0.395	5538725	5226367	41.209	192.114
VMG_0043	988598	30778	9819	0.319	300751	285473	2.867	7.288
VMG_0169	988598	30778	12755	0.414	3619707	3459799	27.115	123.487
VMG_0039	988598	30778	12648	0.411	3565747	3342488	26.274	115.654
VMG_0076	988598	30778	11990	0.390	4950458	4744802	40.083	160.124
VMG_0080	988598	30778	11026	0.358	357211	341637	3.162	11.064
VMG_0055	988598	30778	9150	0.297	162334	154963	1.670	5.556
VMG_0056	988598	30778	12788	0.415	4204358	3897288	30.353	144.136
VMG_0157	988598	30778	12051	0.392	1565146	1497582	12.497	53.972
VMG_0151	988598	30778	12551	0.408	8733286	8370281	67.881	281.934
VMG_0013	988598	30778	11193	0.364	674893	638744	5.610	22.485
VMG_0059	988598	30778	14144	0.460	3876420	3674275	26.020	115.914
VMG_0103	988598	30778	12138	0.394	995054	941103	7.616	34.385
Dysp_0177	988598	30778	12907	0.419	4272253	4122734	32.238	113.555
VMG_0148	988598	30778	13390	0.435	4123594	3914369	28.314	139.066
VMG_0082	988598	30778	14366	0.467	3603179	3452419	24.433	113.513
VMG_0114	988598	30778	12404	0.403	3668121	3493369	27.582	143.670
VMG_0173	988598	30778	12877	0.418	9685346	9265546	72.304	332.514
VMG_0153	988598	30778	13047	0.424	1278805	1220638	9.519	31.825
VMG_0046	988598	30778	12338	0.401	1386639	1311724	10.567	44.345
VMG_0175	988598	30778	13237	0.430	2889384	2758173	20.767	79.548
VMG_0144	988598	30778	14041	0.456	19489947	18500820	132.310	594.693
VMG_0087	988598	30778	11731	0.381	21651201	20558362	173.775	726.400
Dysp_0060	988598	30778	11530	0.375	675101	639309	5.551	20.128
Dysp_0028	988598	30778	12918	0.420	4595309	4433702	34.412	159.084
VMG_0117	988598	30778	13237	0.430	4894010	4687208	35.535	142.927
VMG_0150	988598	30778	13829	0.449	3732716	3558198	25.810	116.273
VMG_0166	988598	30778	10570	0.343	333011	317723	2.980	10.235
VMG_0008	988598	30778	12113	0.394	874534	830509	6.648	27.673
Dysp_0018	988598	30778	13487	0.438	14475360	13965721	105.494	492.543
VMG_0164	988598	30778	12471	0.405	14258373	13668562	111.184	510.564
VMG_0061	988598	30778	12858	0.418	8327050	7800171	60.035	244.443
VMG_0079	988598	30778	13468	0.438	7060744	6763628	50.860	206.636
VMG_0017	988598	30778	12969	0.421	19583495	18706191	145.734	685.309
VMG_0003	988598	30778	12339	0.401	8622568	8162312	66.008	315.259
VMG_0115	988598	30778	13080	0.425	8333963	7917511	60.007	280.268
VMG_0026	988598	30778	14222	0.462	12458535	11944949	85.781	338.083
Dysp_0016	988598	30778	12496	0.406	13350300	12903592	103.453	442.361
VMG_0034	988598	30778	12775	0.415	2501449	2326878	18.058	86.447
VMG_0142	988598	30778	12224	0.397	16922142	16144734	129.777	554.088
VMG_0128	988598	30778	11401	0.370	7079920	6778851	59.330	256.839
Dysp_0082	988598	30778	11400	0.370	1089019	1031052	9.024	36.158
VMG_0147	988598	30778	12678	0.412	758231	702248	5.453	22.498
VMG_0111	988598	30778	13036	0.424	14003961	13265073	101.953	435.730
Dysp_0097	988598	30778	14764	0.480	9016877	8496232	57.654	256.399
Dysp_0110	988598	30778	13147	0.427	2694751	2560712	19.431	103.809
VMG_0162	988598	30778	13313	0.433	10076298	9664478	72.436	311.249
VMG_0163	988598	30778	12404	0.403	21223467	20329864	164.241	751.813
VMG_0035	988598	30778	12014	0.390	1345452	1290014	10.665	45.258
Dysp_0033	988598	30778	13233	0.430	4285610	4116927	31.570	131.273
VMG_0074	988598	30778	13636	0.443	4997180	4790622	35.897	128.875
VMG_0085	988598	30778	11934	0.388	2342898	2185978	18.227	76.451
VMG_0016	988598	30778	13214	0.429	9157262	8733094	64.675	104.717
VMG_0050	988598	30778	12977	0.422	30320722	28787741	217.798	998.845
Dysp_0164	988598	30778	12891	0.419	10222086	9812880	76.548	343.138
VMG_0042	988598	30778	12571	0.408	10171585	9494457	75.026	307.898
VMG_0075	988598	30778	11070	0.360	2454093	2352709	20.922	80.149
Dysp_0127	988598	30778	8092	0.263	339090	310465	4.551	2.379
Dysp_0080	988598	30778	12184	0.396	25104198	24169527	201.162	854.509
VMG_0025	988598	30778	13278	0.431	8208015	7691222	58.139	233.359
VMG_0135	988598	30778	13494	0.438	24643315	23587246	175.911	815.897
Dysp_0108	988598	30778	13344	0.434	14525724	13726138	101.699	452.793
VMG_0161	988598	30778	13616	0.442	22794351	21868246	163.082	768.544
Dysp_0093	988598	30778	11998	0.390	1443315	1359514	11.342	43.601
VMG_0113	988598	30778	11865	0.386	16044946	15204517	125.539	603.217
VMG_0027	988598	30778	12181	0.396	22477316	21559190	177.451	819.616
VMG_0063	988598	30778	12137	0.394	628582	573175	4.816	14.796
Dysp_0087	988598	30778	10961	0.356	714074	672477	6.435	18.488
VMG_0007	988598	30778	11525	0.374	17482109	16549520	142.214	576.296
VMG_0036	988598	30778	12216	0.397	10083732	9434552	76.376	318.515
VMG_0098	988598	30778	12926	0.420	27617753	26075633	197.065	834.839
Dysp_0105	988598	30778	12307	0.400	9505069	8998217	73.651	350.340
Dysp_0057	783244	56915	35007	0.615	5617589	4280879	10.672	29.257
Dysp_0083	783244	56915	32377	0.569	1395522	1343975	3.436	69.338
Dysp_0043	783244	56915	37585	0.660	2076644	1707425	3.906	43.429
Dysp_0038	783244	56915	38998	0.685	3882525	3650530	7.771	195.970
Dysp_0021	783244	56915	30985	0.544	974454	941871	2.526	49.722
Dysp_0137	783244	56915	24619	0.433	404812	344966	1.220	11.998
Dysp_0162	783244	56915	43162	0.758	2699697	2435943	4.781	125.342
Dysp_0035	783244	56915	24724	0.434	379081	363479	1.222	20.325
Dysp_0004	783244	56915	38163	0.671	5161848	4409072	10.330	232.299
Dysp_0076	783244	56915	37335	0.656	2854358	2031704	4.724	42.876
Dysp_0104	783244	56915	27667	0.486	5657274	3969568	12.724	9.632
Dysp_0102	783244	56915	36834	0.647	2452352	2351270	5.251	127.289
Dysp_0152	783244	56915	29711	0.522	824217	793758	2.237	39.928
Dysp_0075	783244	56915	29836	0.524	753084	723047	2.004	37.919
VMG_0038	783244	56915	36483	0.641	2420440	2304254	5.281	117.201
Dysp_0006	783244	56915	34040	0.598	7140847	5066712	12.613	44.218
VMG_0041	783244	56915	35633	0.626	2477419	2320290	5.202	123.292
VMG_0022	783244	56915	38150	0.670	4101244	3804947	8.286	178.987
VMG_0158	783244	56915	38714	0.680	6832052	6543988	13.771	469.888
VMG_0091	783244	56915	33964	0.597	2100340	1983285	4.804	120.388
VMG_0101	783244	56915	27548	0.484	547817	517819	1.518	29.257
VMG_0123	783244	56915	32165	0.565	1047412	847059	2.348	27.285
VMG_0131	783244	56915	28452	0.500	745430	714373	2.062	42.283
VMG_0156	783244	56915	24743	0.435	380020	366097	1.215	19.337
Dysp_0017	783244	56915	29842	0.524	828383	800033	2.207	46.040
VMG_0138	783244	56915	32952	0.579	2116006	2022619	5.108	185.127
VMG_0172	783244	56915	36687	0.645	1026775	980775	2.248	63.142
VMG_0055	783244	56915	36822	0.647	2415703	2310607	5.142	132.938
VMG_0094	783244	56915	40074	0.704	12766154	12051390	24.485	625.399
VMG_0078	783244	56915	31894	0.560	736665	619326	1.732	25.246
Dysp_0175	783244	56915	35784	0.629	3260953	3150258	7.282	175.444
Dysp_0163	783244	56915	17548	0.308	1822194	1278249	6.298	3.110
VMG_0171	783244	56915	46326	0.814	6939522	5721409	10.610	162.763
Dysp_0009	783244	56915	39196	0.689	2982812	2375175	5.305	47.824
VMG_0168	783244	56915	28775	0.506	918027	721041	2.089	17.193
Dysp_0141	783244	56915	35618	0.626	2958755	2849558	6.509	167.811
Dysp_0117	783244	56915	25369	0.446	5093769	4065613	14.046	145.319
Dysp_0090	783244	56915	27599	0.485	535474	506429	1.494	27.021
VMG_0139	783244	56915	37977	0.667	4918930	4723213	10.278	242.707
Dysp_0151	783244	56915	44691	0.785	7594148	6512599	12.562	291.472
Dysp_0019	783244	56915	29813	0.524	4220418	2993286	8.850	23.525
Dysp_0034	783244	56915	40856	0.718	5102138	4241923	8.887	123.626
Dysp_0061	783244	56915	40369	0.709	3841258	3577159	7.353	179.798
VMG_0147	783244	56915	39846	0.700	4033614	3073026	6.517	78.642
Dysp_0100	783244	56915	41477	0.729	6492841	5262166	10.876	112.180
Dysp_0058	783244	56915	36047	0.633	3907607	3697567	8.393	201.789
VMG_0072	783244	56915	30344	0.533	948784	888132	2.375	43.891
VMG_0016	783244	56915	26744	0.470	832224	590025	2.012	5.258
VMG_0176	783244	56915	39561	0.695	6616555	4921918	10.675	70.805
Dysp_0158	783244	56915	44003	0.773	9710619	8420058	16.247	327.652
Dysp_0155	783244	56915	49105	0.863	22392444	18884444	33.423	843.566
Dysp_0171	783244	56915	43241	0.760	10563639	10176954	19.539	538.445
VMG_0023	783244	56915	43330	0.761	13305143	9715872	19.796	94.978
VMG_0119	783244	56915	44153	0.776	6314119	3915619	8.041	96.097
Dysp_0138	783244	56915	42571	0.748	3714572	2580027	5.657	27.496
VMG_0075	783244	56915	39394	0.692	10996600	10576219	21.985	611.993
Dysp_0062	783244	56915	44229	0.777	17878106	16515091	31.224	794.903
VMG_0062	783244	56915	41528	0.730	16789778	15677994	31.078	788.522
Dysp_0063	783244	56915	34066	0.599	5297202	3679233	9.959	110.493
Dysp_0127	783244	56915	45629	0.802	19276937	14532531	27.740	238.614
VMG_0136	783244	56915	44704	0.785	25338032	22281112	41.986	1049.346
VMG_0037	783244	56915	45262	0.795	28472257	25520309	46.903	1316.985
VMG_0019	783244	56915	48431	0.851	17693885	16136584	28.404	837.710
Dysp_0176	783244	56915	47147	0.828	50867100	47108573	81.821	2540.177
Dysp_0148	783244	56915	42363	0.744	12615051	9683554	19.836	187.803
Dysp_0147	783244	56915	44049	0.774	9106986	7763700	15.131	316.116
Dysp_0086	783244	56915	45583	0.801	13240851	11498533	21.053	467.428
Dysp_0121	783244	56915	47297	0.831	20709398	16117633	29.081	378.455
Dysp_0085	783244	56915	36782	0.646	9809279	7269723	17.258	60.451
Dysp_0114	783244	56915	43665	0.767	6872168	4347903	8.431	105.588
Dysp_0124	783244	56915	45128	0.793	6565952	5556816	10.581	351.171
Dysp_0074	783244	56915	46468	0.816	14622506	11095787	20.822	276.477
VMG_0093	783244	56915	38340	0.674	4910344	3385127	8.065	29.539
VMG_0106	783244	56915	46979	0.825	19640467	14039772	26.878	360.153
Dysp_0170	783244	56915	44313	0.779	2544832	2049288	4.048	58.310
Dysp_0126	783244	56915	43457	0.764	4940135	3542385	7.375	91.824
VMG_0145	783244	56915	47441	0.834	17715131	14401056	26.093	577.881
Dysp_0156	783244	56915	45234	0.795	18306844	13897827	27.412	319.875
Dysp_0053	783244	56915	45455	0.799	27982585	21620224	40.035	440.856
VMG_0137	783244	56915	41260	0.725	9016951	7489406	16.111	197.576
VMG_0160	783244	56915	45194	0.794	2532747	1877662	3.818	46.406
Dysp_0087	783244	56915	45923	0.807	30110077	24224965	44.783	693.602
Dysp_0051	783244	56915	47522	0.835	37901603	33586609	60.389	1279.634
Dysp_0134	783244	56915	32937	0.579	1611800	1557861	3.899	90.944
Dysp_0135	783244	56915	42406	0.745	4911142	4243151	8.652	144.825
Dysp_0071	783244	56915	45885	0.806	38180592	35520487	64.287	2293.090
VMG_0092	783244	56915	35677	0.627	7393265	5396442	12.663	55.466
Dysp_0099	783244	56915	44374	0.780	25610100	18953933	37.718	476.362
Dysp_0166	783244	56915	46188	0.812	25869393	21970780	41.018	595.532
Dysp_0050	783244	56915	47250	0.830	6004764	4787254	9.207	182.018
Dysp_0098	783244	56915	39616	0.696	7261746	6143902	13.362	152.386
Dysp_0024	783244	56915	39297	0.690	12575056	8401695	19.344	75.441
Dysp_0054	783244	56915	38078	0.669	9083839	6503648	15.025	36.691
Dysp_0167	783244	56915	39553	0.695	6283830	4594974	10.046	67.126
VMG_0177	783244	56915	33887	0.595	10511854	7409084	19.474	100.736
VMG_0108	783244	56915	42168	0.741	28021971	26539391	51.924	1378.955
Dysp_0039	783244	56915	36040	0.633	21313017	15646985	38.589	371.745
Dysp_0011	783244	56915	43226	0.759	11139028	7479226	16.230	43.288
Dysp_0066	783244	56915	44865	0.788	13326392	10197645	19.359	208.918
Dysp_0145	783244	56915	49493	0.870	7117913	5845340	10.303	235.273
Dysp_0174	783244	56915	43625	0.766	28267947	27355333	51.221	1537.109
Dysp_0057	619501	99109	43135	0.435	844803	748749	1.643	28.442
Dysp_0038	619501	99109	47658	0.481	758341	722402	1.352	39.218
Dysp_0131	619501	99109	43250	0.436	519549	500245	1.026	30.370
Dysp_0076	619501	99109	71210	0.719	3289123	3068238	3.853	173.953
Dysp_0036	619501	99109	40675	0.410	523048	489452	1.103	24.210
VMG_0022	619501	99109	54922	0.554	1894231	1745735	2.760	110.368
VMG_0158	619501	99109	53839	0.543	1509929	1436100	2.342	87.383
VMG_0130	619501	99109	60164	0.607	5039806	4797656	7.103	281.523
VMG_0123	619501	99109	45830	0.462	602934	574013	1.153	32.560
VMG_0131	619501	99109	47259	0.477	942082	898033	1.659	51.054
VMG_0155	619501	99109	37932	0.383	490717	418692	1.061	16.898
VMG_0048	619501	99109	64213	0.648	5870345	5407139	7.303	307.078
Dysp_0026	619501	99109	49140	0.496	854781	821562	1.463	55.593
VMG_0078	619501	99109	50661	0.511	995313	931011	1.665	49.652
VMG_0171	619501	99109	54943	0.554	786751	697825	1.190	30.973
VMG_0090	619501	99109	23813	0.240	325076	235384	1.126	6.303
Dysp_0141	619501	99109	64132	0.647	5565651	5336005	7.288	353.981
Dysp_0019	619501	99109	63667	0.642	2957795	2789756	3.955	160.404
Dysp_0061	619501	99109	63396	0.640	1810142	1690434	2.355	105.772
VMG_0147	619501	99109	45894	0.463	770599	706270	1.381	41.103
Dysp_0100	619501	99109	61168	0.617	1142329	1058789	1.576	52.858
Dysp_0058	619501	99109	47785	0.482	940607	885630	1.656	53.443
VMG_0016	619501	99109	46258	0.467	551384	504058	1.008	28.002
VMG_0176	619501	99109	45817	0.462	671169	616148	1.200	31.551
Dysp_0155	619501	99109	73235	0.739	7539153	7069504	8.586	427.716
Dysp_0171	619501	99109	47325	0.478	775778	722497	1.386	35.277
VMG_0023	619501	99109	72547	0.732	6052158	5548394	6.883	301.943
VMG_0119	619501	99109	78365	0.791	8938314	8463282	9.725	502.367
Dysp_0138	619501	99109	69122	0.697	2834433	2604206	3.473	133.126
Dysp_0062	619501	99109	70198	0.708	7011503	6510645	8.237	375.201
VMG_0062	619501	99109	68031	0.686	9118874	8466707	10.695	509.007
Dysp_0063	619501	99109	63566	0.641	1514918	1324789	1.841	68.578
Dysp_0127	619501	99109	78101	0.788	9713246	8977435	10.338	527.880
VMG_0136	619501	99109	73680	0.743	15396429	14575488	17.518	898.697
VMG_0037	619501	99109	72775	0.734	8872000	8162408	9.757	478.620
Dysp_0031	619501	99109	65943	0.665	5711234	5365697	7.360	309.462
VMG_0019	619501	99109	77926	0.786	8299267	7812977	8.918	466.850
Dysp_0176	619501	99109	82133	0.829	8220219	7666048	8.347	458.831
Dysp_0148	619501	99109	75928	0.766	9874810	9327687	11.026	554.616
Dysp_0147	619501	99109	75174	0.758	11684831	11101228	13.216	650.486
Dysp_0086	619501	99109	64944	0.655	3277001	2983826	4.117	165.057
Dysp_0121	619501	99109	69400	0.700	6283842	5809834	7.392	321.149
Dysp_0085	619501	99109	76802	0.775	5398295	5012781	5.811	284.668
Dysp_0124	619501	99109	75381	0.761	9107893	8428497	9.669	549.017
Dysp_0074	619501	99109	74346	0.750	8737450	8280693	9.803	543.459
VMG_0093	619501	99109	83598	0.843	9496922	8727101	9.367	498.386
VMG_0106	619501	99109	81846	0.826	15239805	14160965	15.486	834.893
Dysp_0170	619501	99109	81883	0.826	6642685	6322622	6.933	377.115
Dysp_0126	619501	99109	75141	0.758	9572120	8990903	10.658	529.454
VMG_0145	619501	99109	61866	0.624	3488329	3206254	4.660	171.161
Dysp_0156	619501	99109	69371	0.700	11797012	11155357	14.452	667.004
Dysp_0053	619501	99109	83142	0.839	10402940	9718227	10.644	534.523
VMG_0137	619501	99109	68036	0.686	5497488	5189304	6.863	305.386
VMG_0063	619501	99109	52848	0.533	1633811	1404894	2.405	70.458
VMG_0160	619501	99109	72586	0.732	4717524	4366431	5.500	241.057
Dysp_0087	619501	99109	71043	0.717	6892172	6331993	7.930	372.116
Dysp_0051	619501	99109	69490	0.701	7308278	6944706	9.205	380.288
Dysp_0135	619501	99109	74860	0.755	2563373	2381076	2.881	130.589
Dysp_0071	619501	99109	71407	0.720	10258010	9829535	12.057	709.035
VMG_0092	619501	99109	54989	0.555	1662553	1514726	2.486	78.483
Dysp_0099	619501	99109	67144	0.677	5347747	4811315	6.450	245.940
Dysp_0166	619501	99109	79562	0.803	5236157	4909538	5.660	262.620
Dysp_0050	619501	99109	64296	0.649	3299585	2900562	4.120	143.858
Dysp_0024	619501	99109	77269	0.780	4038123	3657099	4.302	194.580
VMG_0058	619501	99109	65538	0.661	6447251	6099802	8.266	348.773
Dysp_0054	619501	99109	81728	0.825	6637333	6247918	6.858	377.046
Dysp_0167	619501	99109	65709	0.663	2645199	2515044	3.446	149.164
VMG_0177	619501	99109	63734	0.643	2093757	1824695	2.581	92.060
VMG_0108	619501	99109	73559	0.742	9819704	9224427	11.112	583.263
Dysp_0039	619501	99109	41335	0.417	1602731	1266279	3.162	16.660
Dysp_0011	619501	99109	72562	0.732	4989527	4606864	5.878	261.388
Dysp_0066	619501	99109	72035	0.727	7316514	6686545	8.297	360.202
Dysp_0145	619501	99109	79092	0.798	11412446	10871554	12.362	657.345
Dysp_0174	619501	99109	68058	0.687	5396617	5143290	6.792	305.382
Dysp_0020	571325	5116	2365	0.462	84290	81247	3.197	3.289
Dysp_0007	571325	5116	2293	0.448	271164	262628	9.610	8.730
Dysp_0065	571325	5116	2466	0.482	143520	136590	5.269	2.760
Dysp_0111	571325	5116	2383	0.466	69123	66429	2.834	2.489
Dysp_0052	571325	5116	3040	0.594	366866	353668	10.804	16.785
Dysp_0088	571325	5116	2215	0.433	96219	91062	3.952	2.248
Dysp_0118	571325	5116	2496	0.488	488267	470510	17.704	22.905
Dysp_0096	571325	5116	2464	0.482	537579	510782	18.808	24.023
Dysp_0162	571325	5116	2775	0.542	842531	810230	27.526	45.590
Dysp_0077	571325	5116	2257	0.441	1204712	1163824	46.638	57.792
Dysp_0129	571325	5116	2453	0.479	359501	348083	13.421	20.020
Dysp_0136	571325	5116	2293	0.448	202008	195723	8.432	3.493
Dysp_0150	571325	5116	2650	0.518	463020	447945	15.749	21.554
Dysp_0015	571325	5116	2574	0.503	312234	300583	11.563	14.668
Dysp_0142	571325	5116	2398	0.469	260589	252191	10.156	6.177
Dysp_0112	571325	5116	2227	0.435	141582	134334	5.448	4.199
Dysp_0153	571325	5116	2546	0.498	2409535	2324028	82.042	115.772
VMG_0001	571325	5116	2187	0.427	1695067	1619527	67.672	97.625
VMG_0009	571325	5116	2452	0.479	123520	116950	4.548	2.613
VMG_0052	571325	5116	2574	0.503	1293840	1240700	44.920	65.659
VMG_0047	571325	5116	2483	0.485	354777	334163	12.707	9.143
VMG_0068	571325	5116	2262	0.442	512440	490584	18.708	18.241
VMG_0073	571325	5116	2401	0.469	271717	261729	10.129	14.284
VMG_0020	571325	5116	2180	0.426	112004	106386	4.612	3.143
VMG_0005	571325	5116	2647	0.517	348616	331138	12.169	9.067
VMG_0133	571325	5116	2933	0.573	449222	352246	12.187	15.637
VMG_0116	571325	5116	2350	0.459	126001	119999	4.711	4.701
VMG_0097	571325	5116	2136	0.418	190321	180233	7.539	9.065
VMG_0032	571325	5116	2163	0.423	670241	645201	27.692	35.954
VMG_0143	571325	5116	2501	0.489	476390	459173	17.130	25.691
VMG_0121	571325	5116	2085	0.408	233258	223961	10.572	3.557
VMG_0089	571325	5116	2388	0.467	428775	410729	15.246	20.145
VMG_0055	571325	5116	2443	0.478	429615	413710	15.191	25.978
VMG_0067	571325	5116	2120	0.414	73149	66163	2.531	2.616
VMG_0141	571325	5116	2372	0.464	159199	152974	6.517	5.914
VMG_0159	571325	5116	2608	0.510	2608230	2505408	89.354	140.503
VMG_0151	571325	5116	2449	0.479	214876	206706	8.008	7.109
VMG_0013	571325	5116	2353	0.460	214971	204162	7.599	6.143
VMG_0059	571325	5116	2169	0.424	107545	102729	4.578	3.278
VMG_0103	571325	5116	2562	0.501	118860	113002	4.297	5.084
VMG_0082	571325	5116	2543	0.497	138033	132741	4.975	6.358
VMG_0129	571325	5116	2343	0.458	1773540	1705728	68.229	99.131
VMG_0104	571325	5116	2190	0.428	963835	912992	37.124	45.592
Dysp_0060	571325	5116	2574	0.503	321507	306304	11.361	15.430
Dysp_0028	571325	5116	1906	0.373	83037	80316	3.881	2.225
Dysp_0141	571325	5116	2373	0.464	205477	197324	7.715	10.929
Dysp_0018	571325	5116	2712	0.530	451462	424581	15.124	13.680
Dysp_0090	571325	5116	2305	0.451	795799	755755	27.736	40.810
VMG_0026	571325	5116	2854	0.558	1512202	1456326	48.310	79.061
Dysp_0016	571325	5116	2202	0.430	318558	309089	12.803	9.924
Dysp_0110	571325	5116	2726	0.533	743641	710468	23.945	44.567
Dysp_0164	571325	5116	2809	0.549	1351957	1302914	44.219	71.420
VMG_0135	571325	5116	2432	0.475	805706	773614	29.997	27.822
Dysp_0093	571325	5116	2282	0.446	2835476	2698612	110.046	153.860
VMG_0113	571325	5116	2529	0.494	337595	321696	10.760	6.319
VMG_0027	571325	5116	2349	0.459	1394477	1345969	52.303	58.104
VMG_0058	571325	5116	2115	0.413	48584	46062	2.042	2.918
VMG_0098	571325	5116	2225	0.435	528021	501347	22.725	4.946
Dysp_0020	611554	11426	5151	0.451	419768	405154	7.244	17.262
Dysp_0007	611554	11426	5111	0.447	453527	438558	7.536	13.152
Dysp_0056	611554	11426	5658	0.495	4284931	4119521	67.615	194.425
Dysp_0083	611554	11426	5032	0.440	1122810	837197	15.649	26.499
Dysp_0139	611554	11426	4280	0.375	188757	180858	4.159	2.973
Dysp_0041	611554	11426	4757	0.416	154819	149498	2.917	6.700
Dysp_0032	611554	11426	4384	0.384	118034	113733	2.288	5.567
Dysp_0123	611554	11426	4072	0.356	94713	89818	1.946	3.009
Dysp_0004	611554	11426	5207	0.456	1261237	1222845	20.674	47.568
Dysp_0120	611554	11426	4299	0.376	238203	224934	4.428	5.633
Dysp_0008	611554	11426	5416	0.474	2093154	2017708	34.903	87.641
Dysp_0152	611554	11426	5567	0.487	3255794	3149264	51.833	124.520
Dysp_0109	611554	11426	5245	0.459	992046	927285	15.929	44.150
VMG_0038	611554	11426	5117	0.448	905126	686911	13.457	22.962
VMG_0001	611554	11426	4421	0.387	131390	124649	2.552	3.542
VMG_0118	611554	11426	5162	0.452	1267135	1219667	21.290	49.429
VMG_0073	611554	11426	5253	0.460	361103	347198	6.182	16.364
VMG_0024	611554	11426	5159	0.452	4157792	3954339	69.829	182.442
VMG_0002	611554	11426	4445	0.389	458673	324264	6.783	11.314
VMG_0156	611554	11426	6539	0.572	5703481	5181767	72.942	221.828
VMG_0081	611554	11426	4630	0.405	134257	128384	2.547	5.110
VMG_0080	611554	11426	4231	0.370	89488	85984	1.946	3.607
VMG_0048	611554	11426	5139	0.450	620734	580892	10.023	29.925
VMG_0006	611554	11426	4954	0.434	354636	329151	5.913	12.475
VMG_0159	611554	11426	5668	0.496	511048	489324	8.166	18.138
VMG_0066	611554	11426	5160	0.452	1183952	1133365	20.100	52.996
Dysp_0163	611554	11426	5188	0.454	785918	747002	13.113	31.045
VMG_0057	611554	11426	4232	0.370	152094	144831	2.940	3.938
VMG_0139	611554	11426	4783	0.419	199467	189533	3.656	8.046
VMG_0147	611554	11426	4774	0.418	248828	228326	4.348	8.663
Dysp_0097	611554	11426	5172	0.453	559265	513110	9.523	8.653
VMG_0072	611554	11426	4618	0.404	113787	106127	2.102	3.892
Dysp_0108	611554	11426	5437	0.476	623305	589300	10.218	17.453
Dysp_0098	611554	11426	5701	0.499	4692323	4536917	71.790	206.002
