,species_name,cluster_level,VMGC_pangenome_size,GTDB_pangenome_size,VMGC_species_code,MIDAS_species_code,VMGC_num_genomes,MIDAS_num_genomes,larger_pangenome,pangenome_size_diff
0,Lactobacillus iners,75,5545,1854,240891,100505,1876,31,VMGC,-3691
1,Lactobacillus iners,80,5742,1871,240891,100505,1876,31,VMGC,-3871
2,Lactobacillus iners,85,6016,1910,240891,100505,1876,31,VMGC,-4106
3,Lactobacillus iners,90,6602,1966,240891,100505,1876,31,VMGC,-4636
4,Lactobacillus iners,95,8443,2146,240891,100505,1876,31,VMGC,-6297
5,Lactobacillus iners,99,28945,5767,240891,100505,1876,31,VMGC,-23178
6,Fannyhessea vaginae,75,4454,1372,619501,103895,786,5,VMGC,-3082
7,Fannyhessea vaginae,80,4719,1383,619501,103895,786,5,VMGC,-3336
8,Fannyhessea vaginae,85,5171,1393,619501,103895,786,5,VMGC,-3778
9,Fannyhessea vaginae,90,6256,1448,619501,103895,786,5,VMGC,-4808
10,Fannyhessea vaginae,95,11859,1830,619501,103895,786,5,VMGC,-10029
11,Fannyhessea vaginae,99,99104,3133,619501,103895,786,5,VMGC,-95971
12,Bifidobacterium vaginale,75,4287,2098,783244,100323,700,49,VMGC,-2189
13,Bifidobacterium vaginale,80,4630,2152,783244,100323,700,49,VMGC,-2478
14,Bifidobacterium vaginale,85,5296,2254,783244,100323,700,49,VMGC,-3042
15,Bifidobacterium vaginale,90,6618,2467,783244,100323,700,49,VMGC,-4151
16,Bifidobacterium vaginale,95,11086,3495,783244,100323,700,49,VMGC,-7591
17,Bifidobacterium vaginale,99,55339,11502,783244,100323,700,49,VMGC,-43837
18,Lactobacillus crispatus,75,8737,7249,988598,100122,856,128,VMGC,-1488
19,Lactobacillus crispatus,80,9071,7496,988598,100122,856,128,VMGC,-1575
20,Lactobacillus crispatus,85,9699,8011,988598,100122,856,128,VMGC,-1688
21,Lactobacillus crispatus,90,10704,8817,988598,100122,856,128,VMGC,-1887
22,Lactobacillus crispatus,95,13044,10684,988598,100122,856,128,VMGC,-2360
23,Lactobacillus crispatus,99,22984,18998,988598,100122,856,128,VMGC,-3986
24,Prevotella amnii,75,5180,2474,498055,103792,513,5,VMGC,-2706
25,Prevotella amnii,80,5407,2510,498055,103792,513,5,VMGC,-2897
26,Prevotella amnii,85,5694,2573,498055,103792,513,5,VMGC,-3121
27,Prevotella amnii,90,6248,2667,498055,103792,513,5,VMGC,-3581
28,Prevotella amnii,95,7533,2817,498055,103792,513,5,VMGC,-4716
29,Prevotella amnii,99,25498,4502,498055,103792,513,5,VMGC,-20996
30,Dialister sp001553355,75,5233,1341,667712,138050,483,1,VMGC,-3892
31,Dialister sp001553355,80,5469,1343,667712,138050,483,1,VMGC,-4126
32,Dialister sp001553355,85,5849,1343,667712,138050,483,1,VMGC,-4506
33,Dialister sp001553355,90,6662,1343,667712,138050,483,1,VMGC,-5319
34,Dialister sp001553355,95,9035,1344,667712,138050,483,1,VMGC,-7691
35,Dialister sp001553355,99,84028,1344,667712,138050,483,1,VMGC,-82684
36,Prevotella timonensis_A,75,12264,2874,941235,108095,417,3,VMGC,-9390
37,Prevotella timonensis_A,80,12839,2909,941235,108095,417,3,VMGC,-9930
38,Prevotella timonensis_A,85,13861,2993,941235,108095,417,3,VMGC,-10868
39,Prevotella timonensis_A,90,15916,3081,941235,108095,417,3,VMGC,-12835
40,Prevotella timonensis_A,95,23120,3366,941235,108095,417,3,VMGC,-19754
41,Prevotella timonensis_A,99,162848,6093,941235,108095,417,3,VMGC,-156755
42,Bifidobacterium vaginale_A,75,3668,1195,927036,115188,357,2,VMGC,-2473
43,Bifidobacterium vaginale_A,80,3906,1196,927036,115188,357,2,VMGC,-2710
44,Bifidobacterium vaginale_A,85,4370,1203,927036,115188,357,2,VMGC,-3167
45,Bifidobacterium vaginale_A,90,5076,1214,927036,115188,357,2,VMGC,-3862
46,Bifidobacterium vaginale_A,95,7095,1258,927036,115188,357,2,VMGC,-5837
47,Bifidobacterium vaginale_A,99,22298,1566,927036,115188,357,2,VMGC,-20732
48,Parvimonas sp001552895,75,4188,1415,921722,132856,334,1,VMGC,-2773
49,Parvimonas sp001552895,80,4299,1415,921722,132856,334,1,VMGC,-2884
50,Parvimonas sp001552895,85,4503,1415,921722,132856,334,1,VMGC,-3088
51,Parvimonas sp001552895,90,4892,1416,921722,132856,334,1,VMGC,-3476
52,Parvimonas sp001552895,95,6121,1418,921722,132856,334,1,VMGC,-4703
53,Parvimonas sp001552895,99,17283,1418,921722,132856,334,1,VMGC,-15865
54,Lactobacillus jensenii,75,2996,1977,571325,100515,327,29,VMGC,-1019
55,Lactobacillus jensenii,80,3074,2012,571325,100515,327,29,VMGC,-1062
56,Lactobacillus jensenii,85,3181,2048,571325,100515,327,29,VMGC,-1133
57,Lactobacillus jensenii,90,3353,2113,571325,100515,327,29,VMGC,-1240
58,Lactobacillus jensenii,95,3738,2295,571325,100515,327,29,VMGC,-1443
59,Lactobacillus jensenii,99,4820,2695,571325,100515,327,29,VMGC,-2125
60,Bifidobacterium vaginale_C,75,4163,1320,696853,105507,292,4,VMGC,-2843
61,Bifidobacterium vaginale_C,80,4529,1337,696853,105507,292,4,VMGC,-3192
62,Bifidobacterium vaginale_C,85,5218,1356,696853,105507,292,4,VMGC,-3862
63,Bifidobacterium vaginale_C,90,6547,1430,696853,105507,292,4,VMGC,-5117
64,Bifidobacterium vaginale_C,95,11003,1875,696853,105507,292,4,VMGC,-9128
65,Bifidobacterium vaginale_C,99,48154,3465,696853,105507,292,4,VMGC,-44689
66,Sneathia sanguinegens,75,3299,1360,581434,116436,292,2,VMGC,-1939
67,Sneathia sanguinegens,80,3405,1362,581434,116436,292,2,VMGC,-2043
68,Sneathia sanguinegens,85,3605,1370,581434,116436,292,2,VMGC,-2235
69,Sneathia sanguinegens,90,4011,1379,581434,116436,292,2,VMGC,-2632
70,Sneathia sanguinegens,95,5106,1397,581434,116436,292,2,VMGC,-3709
71,Sneathia sanguinegens,99,16308,1736,581434,116436,292,2,VMGC,-14572
72,Prevotella sp000758925,75,6093,2242,382359,125435,274,1,VMGC,-3851
73,Prevotella sp000758925,80,6237,2256,382359,125435,274,1,VMGC,-3981
74,Prevotella sp000758925,85,6454,2263,382359,125435,274,1,VMGC,-4191
75,Prevotella sp000758925,90,6817,2271,382359,125435,274,1,VMGC,-4546
76,Prevotella sp000758925,95,7954,2275,382359,125435,274,1,VMGC,-5679
77,Prevotella sp000758925,99,21736,2276,382359,125435,274,1,VMGC,-19460
78,Aerococcus christensenii,75,2555,1685,542621,105820,260,4,VMGC,-870
79,Aerococcus christensenii,80,2642,1701,542621,105820,260,4,VMGC,-941
80,Aerococcus christensenii,85,2738,1721,542621,105820,260,4,VMGC,-1017
81,Aerococcus christensenii,90,2933,1732,542621,105820,260,4,VMGC,-1201
82,Aerococcus christensenii,95,3451,1766,542621,105820,260,4,VMGC,-1685
83,Aerococcus christensenii,99,8274,2193,542621,105820,260,4,VMGC,-6081
84,Prevotella bivia,75,6150,2906,900875,102291,255,8,VMGC,-3244
85,Prevotella bivia,80,6363,2961,900875,102291,255,8,VMGC,-3402
86,Prevotella bivia,85,6759,3066,900875,102291,255,8,VMGC,-3693
87,Prevotella bivia,90,7343,3195,900875,102291,255,8,VMGC,-4148
88,Prevotella bivia,95,8566,3377,900875,102291,255,8,VMGC,-5189
89,Prevotella bivia,99,15797,4479,900875,102291,255,8,VMGC,-11318
90,Bifidobacterium vaginale_H,75,3263,1159,126681,138366,222,1,VMGC,-2104
91,Bifidobacterium vaginale_H,80,3575,1159,126681,138366,222,1,VMGC,-2416
92,Bifidobacterium vaginale_H,85,4092,1160,126681,138366,222,1,VMGC,-2932
93,Bifidobacterium vaginale_H,90,4959,1161,126681,138366,222,1,VMGC,-3798
94,Bifidobacterium vaginale_H,95,7240,1163,126681,138366,222,1,VMGC,-6077
95,Bifidobacterium vaginale_H,99,24480,1165,126681,138366,222,1,VMGC,-23315
96,Mobiluncus mulieris,75,4502,3044,916256,100791,188,20,VMGC,-1458
97,Mobiluncus mulieris,80,4647,3126,916256,100791,188,20,VMGC,-1521
98,Mobiluncus mulieris,85,4831,3214,916256,100791,188,20,VMGC,-1617
99,Mobiluncus mulieris,90,5166,3377,916256,100791,188,20,VMGC,-1789
100,Mobiluncus mulieris,95,6197,3797,916256,100791,188,20,VMGC,-2400
101,Mobiluncus mulieris,99,18672,8139,916256,100791,188,20,VMGC,-10533
102,Lactobacillus gasseri,75,4310,2956,611554,100460,202,33,VMGC,-1354
103,Lactobacillus gasseri,80,4427,3037,611554,100460,202,33,VMGC,-1390
104,Lactobacillus gasseri,85,4630,3167,611554,100460,202,33,VMGC,-1463
105,Lactobacillus gasseri,90,5083,3409,611554,100460,202,33,VMGC,-1674
106,Lactobacillus gasseri,95,6101,4154,611554,100460,202,33,VMGC,-1947
107,Lactobacillus gasseri,99,10189,6843,611554,100460,202,33,VMGC,-3346
108,Bifidobacterium vaginale_D,75,2853,1245,207192,106927,181,3,VMGC,-1608
109,Bifidobacterium vaginale_D,80,3114,1249,207192,106927,181,3,VMGC,-1865
110,Bifidobacterium vaginale_D,85,3468,1253,207192,106927,181,3,VMGC,-2215
111,Bifidobacterium vaginale_D,90,4059,1261,207192,106927,181,3,VMGC,-2798
112,Bifidobacterium vaginale_D,95,5478,1290,207192,106927,181,3,VMGC,-4188
113,Bifidobacterium vaginale_D,99,12356,1537,207192,106927,181,3,VMGC,-10819
114,Streptococcus agalactiae,75,4662,7498,861111,100024,178,1445,GTDB,2836
115,Streptococcus agalactiae,80,4770,7920,861111,100024,178,1445,GTDB,3150
116,Streptococcus agalactiae,85,4938,8687,861111,100024,178,1445,GTDB,3749
117,Streptococcus agalactiae,90,5191,10049,861111,100024,178,1445,GTDB,4858
118,Streptococcus agalactiae,95,5785,13420,861111,100024,178,1445,GTDB,7635
119,Streptococcus agalactiae,99,8335,25150,861111,100024,178,1445,GTDB,16815
120,Peptoniphilus_A lacrimalis,75,4105,1946,879245,105389,151,4,VMGC,-2159
121,Peptoniphilus_A lacrimalis,80,4175,1955,879245,105389,151,4,VMGC,-2220
122,Peptoniphilus_A lacrimalis,85,4289,1970,879245,105389,151,4,VMGC,-2319
123,Peptoniphilus_A lacrimalis,90,4596,2004,879245,105389,151,4,VMGC,-2592
124,Peptoniphilus_A lacrimalis,95,5556,2083,879245,105389,151,4,VMGC,-3473
125,Peptoniphilus_A lacrimalis,99,19933,3464,879245,105389,151,4,VMGC,-16469
126,Lactobacillus mulieris,75,3415,1931,499721,100881,206,18,VMGC,-1484
127,Lactobacillus mulieris,80,3479,1954,499721,100881,206,18,VMGC,-1525
128,Lactobacillus mulieris,85,3578,1983,499721,100881,206,18,VMGC,-1595
129,Lactobacillus mulieris,90,3792,2033,499721,100881,206,18,VMGC,-1759
130,Lactobacillus mulieris,95,4320,2191,499721,100881,206,18,VMGC,-2129
131,Lactobacillus mulieris,99,7482,3283,499721,100881,206,18,VMGC,-4199
132,Bifidobacterium vaginale_F,75,2927,1175,781098,147723,129,1,VMGC,-1752
133,Bifidobacterium vaginale_F,80,3140,1177,781098,147723,129,1,VMGC,-1963
134,Bifidobacterium vaginale_F,85,3497,1178,781098,147723,129,1,VMGC,-2319
135,Bifidobacterium vaginale_F,90,4168,1178,781098,147723,129,1,VMGC,-2990
136,Bifidobacterium vaginale_F,95,6189,1182,781098,147723,129,1,VMGC,-5007
137,Bifidobacterium vaginale_F,99,23273,1184,781098,147723,129,1,VMGC,-22089
138,Metamycoplasma hominis,75,919,1174,524101,100418,121,37,GTDB,255
139,Metamycoplasma hominis,80,954,1210,524101,100418,121,37,GTDB,256
140,Metamycoplasma hominis,85,1005,1259,524101,100418,121,37,GTDB,254
141,Metamycoplasma hominis,90,1110,1363,524101,100418,121,37,GTDB,253
142,Metamycoplasma hominis,95,1494,1753,524101,100418,121,37,GTDB,259
143,Metamycoplasma hominis,99,12185,9267,524101,100418,121,37,VMGC,-2918
144,Gemella asaccharolytica,75,2317,1099,697687,134763,120,1,VMGC,-1218
145,Gemella asaccharolytica,80,2380,1099,697687,134763,120,1,VMGC,-1281
146,Gemella asaccharolytica,85,2486,1100,697687,134763,120,1,VMGC,-1386
147,Gemella asaccharolytica,90,2687,1102,697687,134763,120,1,VMGC,-1585
148,Gemella asaccharolytica,95,3413,1102,697687,134763,120,1,VMGC,-2311
149,Gemella asaccharolytica,99,13201,1102,697687,134763,120,1,VMGC,-12099
150,Prevotella disiens,75,5170,3016,332460,102653,108,7,VMGC,-2154
151,Prevotella disiens,80,5315,3081,332460,102653,108,7,VMGC,-2234
152,Prevotella disiens,85,5538,3182,332460,102653,108,7,VMGC,-2356
153,Prevotella disiens,90,5872,3321,332460,102653,108,7,VMGC,-2551
154,Prevotella disiens,95,6551,3617,332460,102653,108,7,VMGC,-2934
155,Prevotella disiens,99,14109,5225,332460,102653,108,7,VMGC,-8884
156,Anaerococcus tetradius,75,3706,2021,204857,114891,92,2,VMGC,-1685
157,Anaerococcus tetradius,80,3744,2025,204857,114891,92,2,VMGC,-1719
158,Anaerococcus tetradius,85,3826,2038,204857,114891,92,2,VMGC,-1788
159,Anaerococcus tetradius,90,4110,2064,204857,114891,92,2,VMGC,-2046
160,Anaerococcus tetradius,95,5290,2110,204857,114891,92,2,VMGC,-3180
161,Anaerococcus tetradius,99,14692,2645,204857,114891,92,2,VMGC,-12047
162,Peptostreptococcus anaerobius,75,3552,2390,536396,102218,95,8,VMGC,-1162
163,Peptostreptococcus anaerobius,80,3605,2400,536396,102218,95,8,VMGC,-1205
164,Peptostreptococcus anaerobius,85,3702,2420,536396,102218,95,8,VMGC,-1282
165,Peptostreptococcus anaerobius,90,3897,2448,536396,102218,95,8,VMGC,-1449
166,Peptostreptococcus anaerobius,95,4254,2535,536396,102218,95,8,VMGC,-1719
167,Peptostreptococcus anaerobius,99,7833,3267,536396,102218,95,8,VMGC,-4566
168,Peptoniphilus_A vaginalis,75,4093,1772,309208,109204,111,2,VMGC,-2321
169,Peptoniphilus_A vaginalis,80,4176,1781,309208,109204,111,2,VMGC,-2395
170,Peptoniphilus_A vaginalis,85,4329,1788,309208,109204,111,2,VMGC,-2541
171,Peptoniphilus_A vaginalis,90,4791,1810,309208,109204,111,2,VMGC,-2981
172,Peptoniphilus_A vaginalis,95,6761,1928,309208,109204,111,2,VMGC,-4833
173,Peptoniphilus_A vaginalis,99,22953,2863,309208,109204,111,2,VMGC,-20090
174,Porphyromonas uenonis_A,75,3659,1668,474121,127885,83,1,VMGC,-1991
175,Porphyromonas uenonis_A,80,3794,1672,474121,127885,83,1,VMGC,-2122
176,Porphyromonas uenonis_A,85,4029,1678,474121,127885,83,1,VMGC,-2351
177,Porphyromonas uenonis_A,90,4397,1689,474121,127885,83,1,VMGC,-2708
178,Porphyromonas uenonis_A,95,6112,1700,474121,127885,83,1,VMGC,-4412
179,Porphyromonas uenonis_A,99,32937,1716,474121,127885,83,1,VMGC,-31221
180,Bifidobacterium breve,75,5550,5775,897926,100137,82,113,GTDB,225
181,Bifidobacterium breve,80,5705,5972,897926,100137,82,113,GTDB,267
182,Bifidobacterium breve,85,5889,6282,897926,100137,82,113,GTDB,393
183,Bifidobacterium breve,90,6197,6748,897926,100137,82,113,GTDB,551
184,Bifidobacterium breve,95,6911,7835,897926,100137,82,113,GTDB,924
185,Bifidobacterium breve,99,14853,18614,897926,100137,82,113,GTDB,3761
186,Mobiluncus curtisii,75,3291,2411,462889,101035,75,16,VMGC,-880
187,Mobiluncus curtisii,80,3346,2440,462889,101035,75,16,VMGC,-906
188,Mobiluncus curtisii,85,3464,2493,462889,101035,75,16,VMGC,-971
189,Mobiluncus curtisii,90,3754,2630,462889,101035,75,16,VMGC,-1124
190,Mobiluncus curtisii,95,4598,3020,462889,101035,75,16,VMGC,-1578
191,Mobiluncus curtisii,99,11137,6534,462889,101035,75,16,VMGC,-4603
192,Streptococcus anginosus,75,3606,5283,899308,100248,62,65,GTDB,1677
193,Streptococcus anginosus,80,3685,5459,899308,100248,62,65,GTDB,1774
194,Streptococcus anginosus,85,3777,5800,899308,100248,62,65,GTDB,2023
195,Streptococcus anginosus,90,3881,6531,899308,100248,62,65,GTDB,2650
196,Streptococcus anginosus,95,4113,9377,899308,100248,62,65,GTDB,5264
197,Streptococcus anginosus,99,4892,20044,899308,100248,62,65,GTDB,15152
198,Neisseria gonorrhoeae,75,2290,3495,553981,100035,59,722,GTDB,1205
199,Neisseria gonorrhoeae,80,2330,3568,553981,100035,59,722,GTDB,1238
200,Neisseria gonorrhoeae,85,2413,3731,553981,100035,59,722,GTDB,1318
201,Neisseria gonorrhoeae,90,2674,4362,553981,100035,59,722,GTDB,1688
202,Neisseria gonorrhoeae,95,3198,6008,553981,100035,59,722,GTDB,2810
203,Neisseria gonorrhoeae,99,5586,12259,553981,100035,59,722,GTDB,6673
204,Enterococcus faecalis,75,5959,18463,129724,100020,76,1627,GTDB,12504
205,Enterococcus faecalis,80,6079,19168,129724,100020,76,1627,GTDB,13089
206,Enterococcus faecalis,85,6215,20277,129724,100020,76,1627,GTDB,14062
207,Enterococcus faecalis,90,6426,22383,129724,100020,76,1627,GTDB,15957
208,Enterococcus faecalis,95,6869,27792,129724,100020,76,1627,GTDB,20923
209,Enterococcus faecalis,99,15063,72347,129724,100020,76,1627,GTDB,57284
210,Prevotella sp000479005,75,4818,2587,502327,107186,66,3,VMGC,-2231
211,Prevotella sp000479005,80,4930,2600,502327,107186,66,3,VMGC,-2330
212,Prevotella sp000479005,85,5095,2618,502327,107186,66,3,VMGC,-2477
213,Prevotella sp000479005,90,5506,2660,502327,107186,66,3,VMGC,-2846
214,Prevotella sp000479005,95,9171,3117,502327,107186,66,3,VMGC,-6054
215,Prevotella sp000479005,99,30770,4478,502327,107186,66,3,VMGC,-26292
216,Stomatobaculum sp002892395,75,3512,1868,448856,118753,56,1,VMGC,-1644
217,Stomatobaculum sp002892395,80,3563,1869,448856,118753,56,1,VMGC,-1694
218,Stomatobaculum sp002892395,85,3642,1869,448856,118753,56,1,VMGC,-1773
219,Stomatobaculum sp002892395,90,3759,1870,448856,118753,56,1,VMGC,-1889
220,Stomatobaculum sp002892395,95,4090,1870,448856,118753,56,1,VMGC,-2220
221,Stomatobaculum sp002892395,99,8739,1874,448856,118753,56,1,VMGC,-6865
222,Chlamydia trachomatis,75,925,1498,674974,100103,51,173,GTDB,573
223,Chlamydia trachomatis,80,925,1514,674974,100103,51,173,GTDB,589
224,Chlamydia trachomatis,85,928,1537,674974,100103,51,173,GTDB,609
225,Chlamydia trachomatis,90,939,1561,674974,100103,51,173,GTDB,622
226,Chlamydia trachomatis,95,973,1633,674974,100103,51,173,GTDB,660
227,Chlamydia trachomatis,99,1187,2179,674974,100103,51,173,GTDB,992
228,Lactobacillus paragasseri,75,3372,3175,223646,100533,81,29,VMGC,-197
229,Lactobacillus paragasseri,80,3446,3268,223646,100533,81,29,VMGC,-178
230,Lactobacillus paragasseri,85,3608,3408,223646,100533,81,29,VMGC,-200
231,Lactobacillus paragasseri,90,3906,3683,223646,100533,81,29,VMGC,-223
232,Lactobacillus paragasseri,95,4703,4379,223646,100533,81,29,VMGC,-324
233,Lactobacillus paragasseri,99,8705,7408,223646,100533,81,29,VMGC,-1297
234,Arcanobacterium_A sp000758825,75,2159,1251,738524,142489,53,1,VMGC,-908
235,Arcanobacterium_A sp000758825,80,2178,1253,738524,142489,53,1,VMGC,-925
236,Arcanobacterium_A sp000758825,85,2190,1253,738524,142489,53,1,VMGC,-937
237,Arcanobacterium_A sp000758825,90,2233,1254,738524,142489,53,1,VMGC,-979
238,Arcanobacterium_A sp000758825,95,2364,1254,738524,142489,53,1,VMGC,-1110
239,Arcanobacterium_A sp000758825,99,4674,1254,738524,142489,53,1,VMGC,-3420
240,Prevotella colorans,75,3741,2264,845738,140399,44,1,VMGC,-1477
241,Prevotella colorans,80,3787,2273,845738,140399,44,1,VMGC,-1514
242,Prevotella colorans,85,3830,2292,845738,140399,44,1,VMGC,-1538
243,Prevotella colorans,90,3936,2312,845738,140399,44,1,VMGC,-1624
244,Prevotella colorans,95,4233,2329,845738,140399,44,1,VMGC,-1904
245,Prevotella colorans,99,13918,2334,845738,140399,44,1,VMGC,-11584
246,Porphyromonas sp001552775,75,2382,1397,625126,140985,40,1,VMGC,-985
247,Porphyromonas sp001552775,80,2440,1398,625126,140985,40,1,VMGC,-1042
248,Porphyromonas sp001552775,85,2523,1401,625126,140985,40,1,VMGC,-1122
249,Porphyromonas sp001552775,90,2640,1408,625126,140985,40,1,VMGC,-1232
250,Porphyromonas sp001552775,95,2966,1410,625126,140985,40,1,VMGC,-1556
251,Porphyromonas sp001552775,99,8601,1411,625126,140985,40,1,VMGC,-7190
252,Prevotella melaninogenica,75,4109,3540,681331,102913,39,6,VMGC,-569
253,Prevotella melaninogenica,80,4176,3607,681331,102913,39,6,VMGC,-569
254,Prevotella melaninogenica,85,4278,3720,681331,102913,39,6,VMGC,-558
255,Prevotella melaninogenica,90,4414,3904,681331,102913,39,6,VMGC,-510
256,Prevotella melaninogenica,95,4640,4596,681331,102913,39,6,VMGC,-44
257,Prevotella melaninogenica,99,6871,8818,681331,102913,39,6,GTDB,1947
258,Escherichia coli,75,10932,36449,166172,100009,55,4370,GTDB,25517
259,Escherichia coli,80,11175,39167,166172,100009,55,4370,GTDB,27992
260,Escherichia coli,85,11543,43748,166172,100009,55,4370,GTDB,32205
261,Escherichia coli,90,12118,52175,166172,100009,55,4370,GTDB,40057
262,Escherichia coli,95,14232,74201,166172,100009,55,4370,GTDB,59969
263,Escherichia coli,99,41963,224884,166172,100009,55,4370,GTDB,182921
264,Finegoldia magna_H,75,3016,2899,542611,101274,36,13,VMGC,-117
265,Finegoldia magna_H,80,3051,2918,542611,101274,36,13,VMGC,-133
266,Finegoldia magna_H,85,3141,2978,542611,101274,36,13,VMGC,-163
267,Finegoldia magna_H,90,3311,3114,542611,101274,36,13,VMGC,-197
268,Finegoldia magna_H,95,4353,3918,542611,101274,36,13,VMGC,-435
269,Finegoldia magna_H,99,18481,11226,542611,101274,36,13,VMGC,-7255
270,UBA629 sp005465875,75,1884,1609,652998,102144,36,8,VMGC,-275
271,UBA629 sp005465875,80,1902,1625,652998,102144,36,8,VMGC,-277
272,UBA629 sp005465875,85,1925,1646,652998,102144,36,8,VMGC,-279
273,UBA629 sp005465875,90,1954,1685,652998,102144,36,8,VMGC,-269
274,UBA629 sp005465875,95,2041,1777,652998,102144,36,8,VMGC,-264
275,UBA629 sp005465875,99,3912,2951,652998,102144,36,8,VMGC,-961
276,Bifidobacterium vaginale_B,75,1874,1105,998576,122148,48,1,VMGC,-769
277,Bifidobacterium vaginale_B,80,1962,1105,998576,122148,48,1,VMGC,-857
278,Bifidobacterium vaginale_B,85,2076,1105,998576,122148,48,1,VMGC,-971
279,Bifidobacterium vaginale_B,90,2356,1105,998576,122148,48,1,VMGC,-1251
280,Bifidobacterium vaginale_B,95,3334,1106,998576,122148,48,1,VMGC,-2228
281,Bifidobacterium vaginale_B,99,11089,1107,998576,122148,48,1,VMGC,-9982
282,Peptoniphilus_A harei_A,75,3984,2279,403858,108177,53,3,VMGC,-1705
283,Peptoniphilus_A harei_A,80,4026,2290,403858,108177,53,3,VMGC,-1736
284,Peptoniphilus_A harei_A,85,4118,2312,403858,108177,53,3,VMGC,-1806
285,Peptoniphilus_A harei_A,90,4429,2357,403858,108177,53,3,VMGC,-2072
286,Peptoniphilus_A harei_A,95,6367,2648,403858,108177,53,3,VMGC,-3719
287,Peptoniphilus_A harei_A,99,29673,4694,403858,108177,53,3,VMGC,-24979
288,Ureaplasma parvum,75,692,1018,952860,101276,31,13,GTDB,326
289,Ureaplasma parvum,80,696,1025,952860,101276,31,13,GTDB,329
290,Ureaplasma parvum,85,699,1030,952860,101276,31,13,GTDB,331
291,Ureaplasma parvum,90,718,1044,952860,101276,31,13,GTDB,326
292,Ureaplasma parvum,95,750,1077,952860,101276,31,13,GTDB,327
293,Ureaplasma parvum,99,982,1303,952860,101276,31,13,GTDB,321
294,Veillonella montpellierensis,75,2853,1751,674615,110159,39,2,VMGC,-1102
295,Veillonella montpellierensis,80,2902,1752,674615,110159,39,2,VMGC,-1150
296,Veillonella montpellierensis,85,2979,1757,674615,110159,39,2,VMGC,-1222
297,Veillonella montpellierensis,90,3149,1772,674615,110159,39,2,VMGC,-1377
298,Veillonella montpellierensis,95,3756,1809,674615,110159,39,2,VMGC,-1947
299,Veillonella montpellierensis,99,12344,2478,674615,110159,39,2,VMGC,-9866
300,Limosilactobacillus vaginalis,75,2633,2231,158849,104038,28,5,VMGC,-402
301,Limosilactobacillus vaginalis,80,2684,2248,158849,104038,28,5,VMGC,-436
302,Limosilactobacillus vaginalis,85,2755,2282,158849,104038,28,5,VMGC,-473
303,Limosilactobacillus vaginalis,90,2885,2308,158849,104038,28,5,VMGC,-577
304,Limosilactobacillus vaginalis,95,3177,2412,158849,104038,28,5,VMGC,-765
305,Limosilactobacillus vaginalis,99,3835,2728,158849,104038,28,5,VMGC,-1107
306,Bifidobacterium sp003585735,75,1742,1096,705861,129729,24,1,VMGC,-646
307,Bifidobacterium sp003585735,80,1804,1097,705861,129729,24,1,VMGC,-707
308,Bifidobacterium sp003585735,85,1908,1097,705861,129729,24,1,VMGC,-811
309,Bifidobacterium sp003585735,90,2147,1098,705861,129729,24,1,VMGC,-1049
310,Bifidobacterium sp003585735,95,3025,1098,705861,129729,24,1,VMGC,-1927
311,Bifidobacterium sp003585735,99,8082,1098,705861,129729,24,1,VMGC,-6984
312,Staphylococcus epidermidis,75,3153,8012,679715,100032,23,872,GTDB,4859
313,Staphylococcus epidermidis,80,3210,8303,679715,100032,23,872,GTDB,5093
314,Staphylococcus epidermidis,85,3282,8885,679715,100032,23,872,GTDB,5603
315,Staphylococcus epidermidis,90,3381,10081,679715,100032,23,872,GTDB,6700
316,Staphylococcus epidermidis,95,3580,13334,679715,100032,23,872,GTDB,9754
317,Staphylococcus epidermidis,99,7436,30842,679715,100032,23,872,GTDB,23406
318,KA00274 sp902373515,75,1694,1212,608480,126123,30,1,VMGC,-482
319,KA00274 sp902373515,80,1705,1212,608480,126123,30,1,VMGC,-493
320,KA00274 sp902373515,85,1733,1213,608480,126123,30,1,VMGC,-520
321,KA00274 sp902373515,90,1788,1213,608480,126123,30,1,VMGC,-575
322,KA00274 sp902373515,95,2010,1213,608480,126123,30,1,VMGC,-797
323,KA00274 sp902373515,99,5370,1213,608480,126123,30,1,VMGC,-4157
324,Peptoniphilus_C coxii,75,2420,1656,892290,119719,22,1,VMGC,-764
325,Peptoniphilus_C coxii,80,2442,1657,892290,119719,22,1,VMGC,-785
326,Peptoniphilus_C coxii,85,2489,1659,892290,119719,22,1,VMGC,-830
327,Peptoniphilus_C coxii,90,2596,1661,892290,119719,22,1,VMGC,-935
328,Peptoniphilus_C coxii,95,2979,1662,892290,119719,22,1,VMGC,-1317
329,Peptoniphilus_C coxii,99,10158,1662,892290,119719,22,1,VMGC,-8496
330,Corynebacterium amycolatum_A,75,3901,3595,235527,100381,22,40,VMGC,-306
331,Corynebacterium amycolatum_A,80,3961,3663,235527,100381,22,40,VMGC,-298
332,Corynebacterium amycolatum_A,85,4050,3766,235527,100381,22,40,VMGC,-284
333,Corynebacterium amycolatum_A,90,4314,4120,235527,100381,22,40,VMGC,-194
334,Corynebacterium amycolatum_A,95,6031,6207,235527,100381,22,40,GTDB,176
335,Corynebacterium amycolatum_A,99,17905,21659,235527,100381,22,40,GTDB,3754
336,Bifidobacterium longum,75,4605,8613,592117,100053,23,322,GTDB,4008
337,Bifidobacterium longum,80,4699,9102,592117,100053,23,322,GTDB,4403
338,Bifidobacterium longum,85,4815,9808,592117,100053,23,322,GTDB,4993
339,Bifidobacterium longum,90,4977,10957,592117,100053,23,322,GTDB,5980
340,Bifidobacterium longum,95,5385,14156,592117,100053,23,322,GTDB,8771
341,Bifidobacterium longum,99,8975,39857,592117,100053,23,322,GTDB,30882
342,Prevotella sp001553265,75,2952,2480,560284,112777,22,2,VMGC,-472
343,Prevotella sp001553265,80,2983,2488,560284,112777,22,2,VMGC,-495
344,Prevotella sp001553265,85,3020,2499,560284,112777,22,2,VMGC,-521
345,Prevotella sp001553265,90,3065,2510,560284,112777,22,2,VMGC,-555
346,Prevotella sp001553265,95,3165,2562,560284,112777,22,2,VMGC,-603
347,Prevotella sp001553265,99,3751,2667,560284,112777,22,2,VMGC,-1084
348,Peptostreptococcus sp000758885,75,2315,1650,534555,133369,21,1,VMGC,-665
349,Peptostreptococcus sp000758885,80,2331,1654,534555,133369,21,1,VMGC,-677
350,Peptostreptococcus sp000758885,85,2359,1658,534555,133369,21,1,VMGC,-701
351,Peptostreptococcus sp000758885,90,2396,1664,534555,133369,21,1,VMGC,-732
352,Peptostreptococcus sp000758885,95,2464,1667,534555,133369,21,1,VMGC,-797
353,Peptostreptococcus sp000758885,99,3603,1667,534555,133369,21,1,VMGC,-1936
354,Mageeibacillus indolicus,75,1756,1558,646243,107163,20,3,VMGC,-198
355,Mageeibacillus indolicus,80,1759,1567,646243,107163,20,3,VMGC,-192
356,Mageeibacillus indolicus,85,1769,1576,646243,107163,20,3,VMGC,-193
357,Mageeibacillus indolicus,90,1802,1593,646243,107163,20,3,VMGC,-209
358,Mageeibacillus indolicus,95,1916,1648,646243,107163,20,3,VMGC,-268
359,Mageeibacillus indolicus,99,3008,2059,646243,107163,20,3,VMGC,-949
360,Staphylococcus haemolyticus,75,3367,7033,344406,100051,20,343,GTDB,3666
361,Staphylococcus haemolyticus,80,3411,7368,344406,100051,20,343,GTDB,3957
362,Staphylococcus haemolyticus,85,3481,8023,344406,100051,20,343,GTDB,4542
363,Staphylococcus haemolyticus,90,3618,9357,344406,100051,20,343,GTDB,5739
364,Staphylococcus haemolyticus,95,3962,12852,344406,100051,20,343,GTDB,8890
365,Staphylococcus haemolyticus,99,7447,27137,344406,100051,20,343,GTDB,19690
366,Prevotella ihumii,75,3324,2252,340758,125375,19,1,VMGC,-1072
367,Prevotella ihumii,80,3384,2282,340758,125375,19,1,VMGC,-1102
368,Prevotella ihumii,85,3446,2316,340758,125375,19,1,VMGC,-1130
369,Prevotella ihumii,90,3515,2333,340758,125375,19,1,VMGC,-1182
370,Prevotella ihumii,95,3626,2366,340758,125375,19,1,VMGC,-1260
371,Prevotella ihumii,99,4296,2432,340758,125375,19,1,VMGC,-1864
372,Peptococcus niger,75,2650,1753,632380,136462,22,1,VMGC,-897
373,Peptococcus niger,80,2674,1753,632380,136462,22,1,VMGC,-921
374,Peptococcus niger,85,2711,1756,632380,136462,22,1,VMGC,-955
375,Peptococcus niger,90,2771,1756,632380,136462,22,1,VMGC,-1015
376,Peptococcus niger,95,3074,1757,632380,136462,22,1,VMGC,-1317
377,Peptococcus niger,99,12031,1758,632380,136462,22,1,VMGC,-10273
378,Malacoplasma_A girerdii,75,681,794,744675,115102,18,2,GTDB,113
379,Malacoplasma_A girerdii,80,691,801,744675,115102,18,2,GTDB,110
380,Malacoplasma_A girerdii,85,706,814,744675,115102,18,2,GTDB,108
381,Malacoplasma_A girerdii,90,713,823,744675,115102,18,2,GTDB,110
382,Malacoplasma_A girerdii,95,740,825,744675,115102,18,2,GTDB,85
383,Malacoplasma_A girerdii,99,1021,893,744675,115102,18,2,VMGC,-128
384,Streptococcus mitis_BF,75,2841,1948,361681,139218,17,1,VMGC,-893
385,Streptococcus mitis_BF,80,2876,1952,361681,139218,17,1,VMGC,-924
386,Streptococcus mitis_BF,85,2938,1957,361681,139218,17,1,VMGC,-981
387,Streptococcus mitis_BF,90,3070,1961,361681,139218,17,1,VMGC,-1109
388,Streptococcus mitis_BF,95,3671,1973,361681,139218,17,1,VMGC,-1698
389,Streptococcus mitis_BF,99,5365,2003,361681,139218,17,1,VMGC,-3362
390,Dialister sp900541485,75,2321,2245,294936,113275,18,2,VMGC,-76
391,Dialister sp900541485,80,2356,2249,294936,113275,18,2,VMGC,-107
392,Dialister sp900541485,85,2390,2258,294936,113275,18,2,VMGC,-132
393,Dialister sp900541485,90,2464,2264,294936,113275,18,2,VMGC,-200
394,Dialister sp900541485,95,2732,2271,294936,113275,18,2,VMGC,-461
395,Dialister sp900541485,99,9619,2277,294936,113275,18,2,VMGC,-7342
396,Anaerococcus lactolyticus,75,2802,2114,978264,109869,16,2,VMGC,-688
397,Anaerococcus lactolyticus,80,2826,2121,978264,109869,16,2,VMGC,-705
398,Anaerococcus lactolyticus,85,2898,2134,978264,109869,16,2,VMGC,-764
399,Anaerococcus lactolyticus,90,3087,2165,978264,109869,16,2,VMGC,-922
400,Anaerococcus lactolyticus,95,3856,2304,978264,109869,16,2,VMGC,-1552
401,Anaerococcus lactolyticus,99,8425,2965,978264,109869,16,2,VMGC,-5460
402,Prevotella corporis,75,3391,2526,172892,107248,17,3,VMGC,-865
403,Prevotella corporis,80,3473,2559,172892,107248,17,3,VMGC,-914
404,Prevotella corporis,85,3561,2616,172892,107248,17,3,VMGC,-945
405,Prevotella corporis,90,3648,2673,172892,107248,17,3,VMGC,-975
406,Prevotella corporis,95,3759,2760,172892,107248,17,3,VMGC,-999
407,Prevotella corporis,99,6869,3496,172892,107248,17,3,VMGC,-3373
408,Corynebacterium coyleae,75,3809,3253,404385,101066,17,15,VMGC,-556
409,Corynebacterium coyleae,80,3871,3305,404385,101066,17,15,VMGC,-566
410,Corynebacterium coyleae,85,3945,3415,404385,101066,17,15,VMGC,-530
411,Corynebacterium coyleae,90,4118,3639,404385,101066,17,15,VMGC,-479
412,Corynebacterium coyleae,95,5018,4878,404385,101066,17,15,VMGC,-140
413,Corynebacterium coyleae,99,12868,15986,404385,101066,17,15,GTDB,3118
414,Klebsiella pneumoniae,75,8547,58207,809727,100004,20,9621,GTDB,49660
415,Klebsiella pneumoniae,80,8648,62076,809727,100004,20,9621,GTDB,53428
416,Klebsiella pneumoniae,85,8761,69629,809727,100004,20,9621,GTDB,60868
417,Klebsiella pneumoniae,90,8946,83527,809727,100004,20,9621,GTDB,74581
418,Klebsiella pneumoniae,95,9309,119262,809727,100004,20,9621,GTDB,109953
419,Klebsiella pneumoniae,99,14270,312158,809727,100004,20,9621,GTDB,297888
420,Corynebacterium tuscaniense,75,3154,2254,928247,108390,14,3,VMGC,-900
421,Corynebacterium tuscaniense,80,3193,2270,928247,108390,14,3,VMGC,-923
422,Corynebacterium tuscaniense,85,3252,2294,928247,108390,14,3,VMGC,-958
423,Corynebacterium tuscaniense,90,3380,2352,928247,108390,14,3,VMGC,-1028
424,Corynebacterium tuscaniense,95,3846,2551,928247,108390,14,3,VMGC,-1295
425,Corynebacterium tuscaniense,99,7297,3781,928247,108390,14,3,VMGC,-3516
426,Ezakiella coagulans,75,2779,1752,122533,115560,14,2,VMGC,-1027
427,Ezakiella coagulans,80,2809,1754,122533,115560,14,2,VMGC,-1055
428,Ezakiella coagulans,85,2846,1757,122533,115560,14,2,VMGC,-1089
429,Ezakiella coagulans,90,2945,1790,122533,115560,14,2,VMGC,-1155
430,Ezakiella coagulans,95,3430,1905,122533,115560,14,2,VMGC,-1525
431,Ezakiella coagulans,99,8942,2764,122533,115560,14,2,VMGC,-6178
432,Pauljensenia turicensis,75,2423,2082,145599,107627,13,3,VMGC,-341
433,Pauljensenia turicensis,80,2441,2098,145599,107627,13,3,VMGC,-343
434,Pauljensenia turicensis,85,2483,2119,145599,107627,13,3,VMGC,-364
435,Pauljensenia turicensis,90,2551,2150,145599,107627,13,3,VMGC,-401
436,Pauljensenia turicensis,95,2663,2354,145599,107627,13,3,VMGC,-309
437,Pauljensenia turicensis,99,4920,3850,145599,107627,13,3,VMGC,-1070
438,Bifidobacterium bifidum,75,2735,4517,342081,100145,13,106,GTDB,1782
439,Bifidobacterium bifidum,80,2750,4671,342081,100145,13,106,GTDB,1921
440,Bifidobacterium bifidum,85,2779,4857,342081,100145,13,106,GTDB,2078
441,Bifidobacterium bifidum,90,2811,5056,342081,100145,13,106,GTDB,2245
442,Bifidobacterium bifidum,95,2897,5552,342081,100145,13,106,GTDB,2655
443,Bifidobacterium bifidum,99,4303,11602,342081,100145,13,106,GTDB,7299
444,Alloscardovia omnicolens,75,1985,2167,276312,101450,13,11,GTDB,182
445,Alloscardovia omnicolens,80,2026,2213,276312,101450,13,11,GTDB,187
446,Alloscardovia omnicolens,85,2065,2262,276312,101450,13,11,GTDB,197
447,Alloscardovia omnicolens,90,2127,2345,276312,101450,13,11,GTDB,218
448,Alloscardovia omnicolens,95,2340,2607,276312,101450,13,11,GTDB,267
449,Alloscardovia omnicolens,99,4188,4669,276312,101450,13,11,GTDB,481
450,Varibaculum massiliense,75,2497,1880,904423,124449,12,1,VMGC,-617
451,Varibaculum massiliense,80,2550,1888,904423,124449,12,1,VMGC,-662
452,Varibaculum massiliense,85,2643,1895,904423,124449,12,1,VMGC,-748
453,Varibaculum massiliense,90,2990,1900,904423,124449,12,1,VMGC,-1090
454,Varibaculum massiliense,95,4197,1910,904423,124449,12,1,VMGC,-2287
455,Varibaculum massiliense,99,9558,1916,904423,124449,12,1,VMGC,-7642
456,Staphylococcus aureus,75,3136,12781,423516,100002,12,12022,GTDB,9645
457,Staphylococcus aureus,80,3213,13746,423516,100002,12,12022,GTDB,10533
458,Staphylococcus aureus,85,3306,15606,423516,100002,12,12022,GTDB,12300
459,Staphylococcus aureus,90,3496,18467,423516,100002,12,12022,GTDB,14971
460,Staphylococcus aureus,95,3978,27838,423516,100002,12,12022,GTDB,23860
461,Staphylococcus aureus,99,8573,91840,423516,100002,12,12022,GTDB,83267
462,Fenollaria massiliensis,75,1967,2098,897911,104589,11,4,GTDB,131
463,Fenollaria massiliensis,80,1984,2113,897911,104589,11,4,GTDB,129
464,Fenollaria massiliensis,85,2032,2142,897911,104589,11,4,GTDB,110
465,Fenollaria massiliensis,90,2207,2228,897911,104589,11,4,GTDB,21
466,Fenollaria massiliensis,95,3083,2677,897911,104589,11,4,VMGC,-406
467,Fenollaria massiliensis,99,8831,5235,897911,104589,11,4,VMGC,-3596
468,Corynebacterium sp900539985,75,3458,2177,214807,114367,12,2,VMGC,-1281
469,Corynebacterium sp900539985,80,3493,2177,214807,114367,12,2,VMGC,-1316
470,Corynebacterium sp900539985,85,3548,2177,214807,114367,12,2,VMGC,-1371
471,Corynebacterium sp900539985,90,3700,2177,214807,114367,12,2,VMGC,-1523
472,Corynebacterium sp900539985,95,4737,2177,214807,114367,12,2,VMGC,-2560
473,Corynebacterium sp900539985,99,11486,2179,214807,114367,12,2,VMGC,-9307
474,Corynebacterium riegelii,75,3551,2531,643873,106175,11,3,VMGC,-1020
475,Corynebacterium riegelii,80,3591,2544,643873,106175,11,3,VMGC,-1047
476,Corynebacterium riegelii,85,3670,2575,643873,106175,11,3,VMGC,-1095
477,Corynebacterium riegelii,90,3859,2648,643873,106175,11,3,VMGC,-1211
478,Corynebacterium riegelii,95,4843,3049,643873,106175,11,3,VMGC,-1794
479,Corynebacterium riegelii,99,11996,5407,643873,106175,11,3,VMGC,-6589
480,Oligella urethralis,75,2832,3294,641693,101281,11,13,GTDB,462
481,Oligella urethralis,80,2866,3356,641693,101281,11,13,GTDB,490
482,Oligella urethralis,85,2903,3435,641693,101281,11,13,GTDB,532
483,Oligella urethralis,90,2953,3529,641693,101281,11,13,GTDB,576
484,Oligella urethralis,95,3051,3714,641693,101281,11,13,GTDB,663
485,Oligella urethralis,99,7070,8927,641693,101281,11,13,GTDB,1857
486,Bifidobacterium dentium,75,2907,3298,683484,100672,12,23,GTDB,391
487,Bifidobacterium dentium,80,2922,3379,683484,100672,12,23,GTDB,457
488,Bifidobacterium dentium,85,2938,3462,683484,100672,12,23,GTDB,524
489,Bifidobacterium dentium,90,2960,3549,683484,100672,12,23,GTDB,589
490,Bifidobacterium dentium,95,3006,3638,683484,100672,12,23,GTDB,632
491,Bifidobacterium dentium,99,4233,5572,683484,100672,12,23,GTDB,1339
492,Corynebacterium sp001767255,75,3503,2609,381691,105598,15,4,VMGC,-894
493,Corynebacterium sp001767255,80,3548,2644,381691,105598,15,4,VMGC,-904
494,Corynebacterium sp001767255,85,3617,2711,381691,105598,15,4,VMGC,-906
495,Corynebacterium sp001767255,90,3780,2848,381691,105598,15,4,VMGC,-932
496,Corynebacterium sp001767255,95,4484,3374,381691,105598,15,4,VMGC,-1110
497,Corynebacterium sp001767255,99,10019,5983,381691,105598,15,4,VMGC,-4036
498,Propionimicrobium lymphophilum,75,2476,2281,970355,108742,10,3,VMGC,-195
499,Propionimicrobium lymphophilum,80,2491,2299,970355,108742,10,3,VMGC,-192
500,Propionimicrobium lymphophilum,85,2524,2325,970355,108742,10,3,VMGC,-199
501,Propionimicrobium lymphophilum,90,2572,2369,970355,108742,10,3,VMGC,-203
502,Propionimicrobium lymphophilum,95,2656,2430,970355,108742,10,3,VMGC,-226
503,Propionimicrobium lymphophilum,99,4495,3704,970355,108742,10,3,VMGC,-791
504,Proteus mirabilis,75,4351,12153,613480,100059,10,277,GTDB,7802
505,Proteus mirabilis,80,4382,12514,613480,100059,10,277,GTDB,8132
506,Proteus mirabilis,85,4441,12993,613480,100059,10,277,GTDB,8552
507,Proteus mirabilis,90,4503,13917,613480,100059,10,277,GTDB,9414
508,Proteus mirabilis,95,4659,16900,613480,100059,10,277,GTDB,12241
509,Proteus mirabilis,99,6337,37929,613480,100059,10,277,GTDB,31592
510,Streptococcus pyogenes,75,2147,5564,303548,100010,10,2136,GTDB,3417
511,Streptococcus pyogenes,80,2169,6116,303548,100010,10,2136,GTDB,3947
512,Streptococcus pyogenes,85,2203,6951,303548,100010,10,2136,GTDB,4748
513,Streptococcus pyogenes,90,2250,8430,303548,100010,10,2136,GTDB,6180
514,Streptococcus pyogenes,95,2342,11707,303548,100010,10,2136,GTDB,9365
515,Streptococcus pyogenes,99,3528,34740,303548,100010,10,2136,GTDB,31212
516,Lactobacillus johnsonii,75,2461,5385,432849,100291,9,54,GTDB,2924
517,Lactobacillus johnsonii,80,2493,5512,432849,100291,9,54,GTDB,3019
518,Lactobacillus johnsonii,85,2549,5851,432849,100291,9,54,GTDB,3302
519,Lactobacillus johnsonii,90,2623,6426,432849,100291,9,54,GTDB,3803
520,Lactobacillus johnsonii,95,3063,8369,432849,100291,9,54,GTDB,5306
521,Lactobacillus johnsonii,99,6344,19905,432849,100291,9,54,GTDB,13561
522,Levyella massiliensis,75,1719,1511,802866,116165,9,2,VMGC,-208
523,Levyella massiliensis,80,1726,1515,802866,116165,9,2,VMGC,-211
524,Levyella massiliensis,85,1735,1517,802866,116165,9,2,VMGC,-218
525,Levyella massiliensis,90,1757,1524,802866,116165,9,2,VMGC,-233
526,Levyella massiliensis,95,1861,1544,802866,116165,9,2,VMGC,-317
527,Levyella massiliensis,99,4437,2141,802866,116165,9,2,VMGC,-2296
528,Ureaplasma urealyticum,75,698,1187,505334,100987,9,17,GTDB,489
529,Ureaplasma urealyticum,80,706,1198,505334,100987,9,17,GTDB,492
530,Ureaplasma urealyticum,85,718,1222,505334,100987,9,17,GTDB,504
531,Ureaplasma urealyticum,90,737,1253,505334,100987,9,17,GTDB,516
532,Ureaplasma urealyticum,95,766,1323,505334,100987,9,17,GTDB,557
533,Ureaplasma urealyticum,99,881,1657,505334,100987,9,17,GTDB,776
534,Porphyromonas_A somerae,75,2436,2282,418104,105705,8,4,VMGC,-154
535,Porphyromonas_A somerae,80,2467,2298,418104,105705,8,4,VMGC,-169
536,Porphyromonas_A somerae,85,2503,2323,418104,105705,8,4,VMGC,-180
537,Porphyromonas_A somerae,90,2591,2381,418104,105705,8,4,VMGC,-210
538,Porphyromonas_A somerae,95,2987,2683,418104,105705,8,4,VMGC,-304
539,Porphyromonas_A somerae,99,8734,5650,418104,105705,8,4,VMGC,-3084
540,Porphyromonas_A sp001808555,75,2374,1621,397962,122820,8,1,VMGC,-753
541,Porphyromonas_A sp001808555,80,2389,1625,397962,122820,8,1,VMGC,-764
542,Porphyromonas_A sp001808555,85,2412,1629,397962,122820,8,1,VMGC,-783
543,Porphyromonas_A sp001808555,90,2481,1631,397962,122820,8,1,VMGC,-850
544,Porphyromonas_A sp001808555,95,3103,1634,397962,122820,8,1,VMGC,-1469
545,Porphyromonas_A sp001808555,99,8012,1635,397962,122820,8,1,VMGC,-6377
546,Brevibacterium ravenspurgense,75,3045,2677,915160,102108,9,8,VMGC,-368
547,Brevibacterium ravenspurgense,80,3071,2701,915160,102108,9,8,VMGC,-370
548,Brevibacterium ravenspurgense,85,3125,2752,915160,102108,9,8,VMGC,-373
549,Brevibacterium ravenspurgense,90,3251,2901,915160,102108,9,8,VMGC,-350
550,Brevibacterium ravenspurgense,95,3912,3999,915160,102108,9,8,GTDB,87
551,Brevibacterium ravenspurgense,99,8907,10146,915160,102108,9,8,GTDB,1239
552,Lacticaseibacillus rhamnosus,75,3266,6484,721998,100085,8,212,GTDB,3218
553,Lacticaseibacillus rhamnosus,80,3308,6724,721998,100085,8,212,GTDB,3416
554,Lacticaseibacillus rhamnosus,85,3360,7054,721998,100085,8,212,GTDB,3694
555,Lacticaseibacillus rhamnosus,90,3420,7565,721998,100085,8,212,GTDB,4145
556,Lacticaseibacillus rhamnosus,95,3643,9238,721998,100085,8,212,GTDB,5595
557,Lacticaseibacillus rhamnosus,99,7487,31575,721998,100085,8,212,GTDB,24088
558,Pseudoglutamicibacter albus,75,2350,2007,435807,108674,8,3,VMGC,-343
559,Pseudoglutamicibacter albus,80,2376,2017,435807,108674,8,3,VMGC,-359
560,Pseudoglutamicibacter albus,85,2408,2042,435807,108674,8,3,VMGC,-366
561,Pseudoglutamicibacter albus,90,2469,2083,435807,108674,8,3,VMGC,-386
562,Pseudoglutamicibacter albus,95,2684,2241,435807,108674,8,3,VMGC,-443
563,Pseudoglutamicibacter albus,99,4815,3396,435807,108674,8,3,VMGC,-1419
564,Corynebacterium sp001807485,75,2714,2070,334037,107325,7,3,VMGC,-644
565,Corynebacterium sp001807485,80,2733,2076,334037,107325,7,3,VMGC,-657
566,Corynebacterium sp001807485,85,2773,2093,334037,107325,7,3,VMGC,-680
567,Corynebacterium sp001807485,90,2896,2155,334037,107325,7,3,VMGC,-741
568,Corynebacterium sp001807485,95,3607,2501,334037,107325,7,3,VMGC,-1106
569,Corynebacterium sp001807485,99,6617,4187,334037,107325,7,3,VMGC,-2430
570,Campylobacter_B ureolyticus,75,2324,2231,386171,101917,7,9,VMGC,-93
571,Campylobacter_B ureolyticus,80,2354,2257,386171,101917,7,9,VMGC,-97
572,Campylobacter_B ureolyticus,85,2393,2303,386171,101917,7,9,VMGC,-90
573,Campylobacter_B ureolyticus,90,2481,2386,386171,101917,7,9,VMGC,-95
574,Campylobacter_B ureolyticus,95,3082,2978,386171,101917,7,9,VMGC,-104
575,Campylobacter_B ureolyticus,99,6429,6168,386171,101917,7,9,VMGC,-261
576,Anaerococcus vaginalis_B,75,2000,1901,275605,112609,7,2,VMGC,-99
577,Anaerococcus vaginalis_B,80,2010,1904,275605,112609,7,2,VMGC,-106
578,Anaerococcus vaginalis_B,85,2026,1910,275605,112609,7,2,VMGC,-116
579,Anaerococcus vaginalis_B,90,2085,1913,275605,112609,7,2,VMGC,-172
580,Anaerococcus vaginalis_B,95,2263,1917,275605,112609,7,2,VMGC,-346
581,Anaerococcus vaginalis_B,99,5255,1918,275605,112609,7,2,VMGC,-3337
582,Varibaculum cambriense_B,75,2121,2266,293577,107685,7,3,GTDB,145
583,Varibaculum cambriense_B,80,2142,2299,293577,107685,7,3,GTDB,157
584,Varibaculum cambriense_B,85,2187,2353,293577,107685,7,3,GTDB,166
585,Varibaculum cambriense_B,90,2357,2474,293577,107685,7,3,GTDB,117
586,Varibaculum cambriense_B,95,2968,2923,293577,107685,7,3,VMGC,-45
587,Varibaculum cambriense_B,99,4657,3957,293577,107685,7,3,VMGC,-700
588,Listeria monocytogenes,75,3408,7584,201088,100016,7,1785,GTDB,4176
589,Listeria monocytogenes,80,3439,7909,201088,100016,7,1785,GTDB,4470
590,Listeria monocytogenes,85,3502,8550,201088,100016,7,1785,GTDB,5048
591,Listeria monocytogenes,90,3684,10009,201088,100016,7,1785,GTDB,6325
592,Listeria monocytogenes,95,4814,14421,201088,100016,7,1785,GTDB,9607
593,Listeria monocytogenes,99,7512,40218,201088,100016,7,1785,GTDB,32706
594,Olegusella massiliensis,75,1929,1714,623619,106148,8,3,VMGC,-215
595,Olegusella massiliensis,80,1941,1719,623619,106148,8,3,VMGC,-222
596,Olegusella massiliensis,85,1949,1721,623619,106148,8,3,VMGC,-228
597,Olegusella massiliensis,90,1983,1726,623619,106148,8,3,VMGC,-257
598,Olegusella massiliensis,95,2134,1788,623619,106148,8,3,VMGC,-346
599,Olegusella massiliensis,99,4213,2394,623619,106148,8,3,VMGC,-1819
600,Staphylococcus lugdunensis,75,2635,2980,212963,100239,7,66,GTDB,345
601,Staphylococcus lugdunensis,80,2646,3020,212963,100239,7,66,GTDB,374
602,Staphylococcus lugdunensis,85,2664,3083,212963,100239,7,66,GTDB,419
603,Staphylococcus lugdunensis,90,2680,3179,212963,100239,7,66,GTDB,499
604,Staphylococcus lugdunensis,95,2707,3377,212963,100239,7,66,GTDB,670
605,Staphylococcus lugdunensis,99,3003,4370,212963,100239,7,66,GTDB,1367
606,Veillonella parvula_A,75,2374,3351,773494,100821,6,19,GTDB,977
607,Veillonella parvula_A,80,2410,3419,773494,100821,6,19,GTDB,1009
608,Veillonella parvula_A,85,2468,3585,773494,100821,6,19,GTDB,1117
609,Veillonella parvula_A,90,2660,4091,773494,100821,6,19,GTDB,1431
610,Veillonella parvula_A,95,3504,6171,773494,100821,6,19,GTDB,2667
611,Veillonella parvula_A,99,6875,15755,773494,100821,6,19,GTDB,8880
612,Prevotella denticola,75,3146,3030,900798,102759,6,7,VMGC,-116
613,Prevotella denticola,80,3212,3093,900798,102759,6,7,VMGC,-119
614,Prevotella denticola,85,3313,3225,900798,102759,6,7,VMGC,-88
615,Prevotella denticola,90,3419,3368,900798,102759,6,7,VMGC,-51
616,Prevotella denticola,95,3613,3660,900798,102759,6,7,GTDB,47
617,Prevotella denticola,99,7585,7169,900798,102759,6,7,VMGC,-416
618,Limosilactobacillus oris,75,2288,2188,677004,107445,6,3,VMGC,-100
619,Limosilactobacillus oris,80,2298,2204,677004,107445,6,3,VMGC,-94
620,Limosilactobacillus oris,85,2322,2225,677004,107445,6,3,VMGC,-97
621,Limosilactobacillus oris,90,2359,2260,677004,107445,6,3,VMGC,-99
622,Limosilactobacillus oris,95,2427,2371,677004,107445,6,3,VMGC,-56
623,Limosilactobacillus oris,99,3057,3544,677004,107445,6,3,GTDB,487
624,Citrobacter_B koseri,75,5084,9505,492904,100349,8,44,GTDB,4421
625,Citrobacter_B koseri,80,5129,9744,492904,100349,8,44,GTDB,4615
626,Citrobacter_B koseri,85,5162,10050,492904,100349,8,44,GTDB,4888
627,Citrobacter_B koseri,90,5200,10447,492904,100349,8,44,GTDB,5247
628,Citrobacter_B koseri,95,5223,11287,492904,100349,8,44,GTDB,6064
629,Citrobacter_B koseri,99,6943,23461,492904,100349,8,44,GTDB,16518
630,Corynebacterium phoceense,75,2930,3198,541464,101703,6,10,GTDB,268
631,Corynebacterium phoceense,80,2935,3218,541464,101703,6,10,GTDB,283
632,Corynebacterium phoceense,85,2942,3244,541464,101703,6,10,GTDB,302
633,Corynebacterium phoceense,90,2953,3317,541464,101703,6,10,GTDB,364
634,Corynebacterium phoceense,95,2990,3623,541464,101703,6,10,GTDB,633
635,Corynebacterium phoceense,99,3430,5499,541464,101703,6,10,GTDB,2069
636,Phocaeicola vulgatus,75,4773,20516,960341,100119,6,130,GTDB,15743
637,Phocaeicola vulgatus,80,4817,21433,960341,100119,6,130,GTDB,16616
638,Phocaeicola vulgatus,85,4861,22841,960341,100119,6,130,GTDB,17980
639,Phocaeicola vulgatus,90,4895,24854,960341,100119,6,130,GTDB,19959
640,Phocaeicola vulgatus,95,4977,28981,960341,100119,6,130,GTDB,24004
641,Phocaeicola vulgatus,99,5733,44077,960341,100119,6,130,GTDB,38344
642,Fusobacterium animalis,75,3156,4727,285819,100592,6,26,GTDB,1571
643,Fusobacterium animalis,80,3175,4798,285819,100592,6,26,GTDB,1623
644,Fusobacterium animalis,85,3224,4927,285819,100592,6,26,GTDB,1703
645,Fusobacterium animalis,90,3302,5250,285819,100592,6,26,GTDB,1948
646,Fusobacterium animalis,95,3565,6512,285819,100592,6,26,GTDB,2947
647,Fusobacterium animalis,99,5361,18308,285819,100592,6,26,GTDB,12947
648,Fusobacterium_C gonidiaformans,75,1926,2082,461153,103473,6,5,GTDB,156
649,Fusobacterium_C gonidiaformans,80,1932,2091,461153,103473,6,5,GTDB,159
650,Fusobacterium_C gonidiaformans,85,1952,2115,461153,103473,6,5,GTDB,163
651,Fusobacterium_C gonidiaformans,90,1978,2146,461153,103473,6,5,GTDB,168
652,Fusobacterium_C gonidiaformans,95,2030,2219,461153,103473,6,5,GTDB,189
653,Fusobacterium_C gonidiaformans,99,2862,3047,461153,103473,6,5,GTDB,185
654,Atopobium deltae,75,1362,1213,297173,119649,7,1,VMGC,-149
655,Atopobium deltae,80,1370,1213,297173,119649,7,1,VMGC,-157
656,Atopobium deltae,85,1376,1213,297173,119649,7,1,VMGC,-163
657,Atopobium deltae,90,1389,1213,297173,119649,7,1,VMGC,-176
658,Atopobium deltae,95,1412,1213,297173,119649,7,1,VMGC,-199
659,Atopobium deltae,99,1684,1213,297173,119649,7,1,VMGC,-471
660,Prevotella sp001552765,75,2549,2282,101661,147571,6,1,VMGC,-267
661,Prevotella sp001552765,80,2563,2291,101661,147571,6,1,VMGC,-272
662,Prevotella sp001552765,85,2571,2298,101661,147571,6,1,VMGC,-273
663,Prevotella sp001552765,90,2585,2302,101661,147571,6,1,VMGC,-283
664,Prevotella sp001552765,95,2611,2305,101661,147571,6,1,VMGC,-306
665,Prevotella sp001552765,99,3067,2307,101661,147571,6,1,VMGC,-760
666,Stomatobaculum naviforme,75,2278,2094,987302,108299,6,3,VMGC,-184
667,Stomatobaculum naviforme,80,2282,2096,987302,108299,6,3,VMGC,-186
668,Stomatobaculum naviforme,85,2286,2100,987302,108299,6,3,VMGC,-186
669,Stomatobaculum naviforme,90,2293,2105,987302,108299,6,3,VMGC,-188
670,Stomatobaculum naviforme,95,2333,2111,987302,108299,6,3,VMGC,-222
671,Stomatobaculum naviforme,99,3649,2114,987302,108299,6,3,VMGC,-1535
672,Jonquetella anthropi,75,1709,1598,462493,106751,6,3,VMGC,-111
673,Jonquetella anthropi,80,1713,1602,462493,106751,6,3,VMGC,-111
674,Jonquetella anthropi,85,1719,1610,462493,106751,6,3,VMGC,-109
675,Jonquetella anthropi,90,1726,1617,462493,106751,6,3,VMGC,-109
676,Jonquetella anthropi,95,1745,1641,462493,106751,6,3,VMGC,-104
677,Jonquetella anthropi,99,1929,1785,462493,106751,6,3,VMGC,-144
678,Corynebacterium pyruviciproducens,75,2775,2732,755152,116386,6,2,VMGC,-43
679,Corynebacterium pyruviciproducens,80,2784,2747,755152,116386,6,2,VMGC,-37
680,Corynebacterium pyruviciproducens,85,2811,2771,755152,116386,6,2,VMGC,-40
681,Corynebacterium pyruviciproducens,90,2842,2831,755152,116386,6,2,VMGC,-11
682,Corynebacterium pyruviciproducens,95,2934,3011,755152,116386,6,2,GTDB,77
683,Corynebacterium pyruviciproducens,99,3621,3750,755152,116386,6,2,GTDB,129
684,Porphyromonas pasteri,75,2025,2036,239478,103537,5,5,GTDB,11
685,Porphyromonas pasteri,80,2045,2061,239478,103537,5,5,GTDB,16
686,Porphyromonas pasteri,85,2075,2094,239478,103537,5,5,GTDB,19
687,Porphyromonas pasteri,90,2149,2158,239478,103537,5,5,GTDB,9
688,Porphyromonas pasteri,95,2761,2777,239478,103537,5,5,GTDB,16
689,Porphyromonas pasteri,99,5916,6326,239478,103537,5,5,GTDB,410
690,Peptoniphilus_B duerdenii,75,2610,2014,581929,116510,12,2,VMGC,-596
691,Peptoniphilus_B duerdenii,80,2624,2020,581929,116510,12,2,VMGC,-604
692,Peptoniphilus_B duerdenii,85,2651,2031,581929,116510,12,2,VMGC,-620
693,Peptoniphilus_B duerdenii,90,2729,2050,581929,116510,12,2,VMGC,-679
694,Peptoniphilus_B duerdenii,95,3223,2230,581929,116510,12,2,VMGC,-993
695,Peptoniphilus_B duerdenii,99,9064,3336,581929,116510,12,2,VMGC,-5728
696,Streptococcus salivarius,75,2289,4868,811118,100170,5,91,GTDB,2579
697,Streptococcus salivarius,80,2313,5053,811118,100170,5,91,GTDB,2740
698,Streptococcus salivarius,85,2355,5454,811118,100170,5,91,GTDB,3099
699,Streptococcus salivarius,90,2476,6352,811118,100170,5,91,GTDB,3876
700,Streptococcus salivarius,95,3134,10894,811118,100170,5,91,GTDB,7760
701,Streptococcus salivarius,99,5931,41061,811118,100170,5,91,GTDB,35130
702,Corynebacterium minutissimum_A,75,3151,3781,725549,101039,5,16,GTDB,630
703,Corynebacterium minutissimum_A,80,3174,3878,725549,101039,5,16,GTDB,704
704,Corynebacterium minutissimum_A,85,3225,4116,725549,101039,5,16,GTDB,891
705,Corynebacterium minutissimum_A,90,3399,4809,725549,101039,5,16,GTDB,1410
706,Corynebacterium minutissimum_A,95,4012,7901,725549,101039,5,16,GTDB,3889
707,Corynebacterium minutissimum_A,99,6585,19950,725549,101039,5,16,GTDB,13365
708,Anaerococcus prevotii,75,1838,1734,667911,113110,5,2,VMGC,-104
709,Anaerococcus prevotii,80,1840,1737,667911,113110,5,2,VMGC,-103
710,Anaerococcus prevotii,85,1849,1738,667911,113110,5,2,VMGC,-111
711,Anaerococcus prevotii,90,1897,1739,667911,113110,5,2,VMGC,-158
712,Anaerococcus prevotii,95,2165,1743,667911,113110,5,2,VMGC,-422
713,Anaerococcus prevotii,99,3488,1749,667911,113110,5,2,VMGC,-1739
714,Acinetobacter baumannii,75,4559,29134,619896,100008,5,4766,GTDB,24575
715,Acinetobacter baumannii,80,4592,30531,619896,100008,5,4766,GTDB,25939
716,Acinetobacter baumannii,85,4635,33554,619896,100008,5,4766,GTDB,28919
717,Acinetobacter baumannii,90,4691,41284,619896,100008,5,4766,GTDB,36593
718,Acinetobacter baumannii,95,4939,63965,619896,100008,5,4766,GTDB,59026
719,Acinetobacter baumannii,99,7549,208927,619896,100008,5,4766,GTDB,201378
720,Alistipes putredinis,75,2758,3222,712851,101896,5,9,GTDB,464
721,Alistipes putredinis,80,2781,3255,712851,101896,5,9,GTDB,474
722,Alistipes putredinis,85,2806,3291,712851,101896,5,9,GTDB,485
723,Alistipes putredinis,90,2838,3343,712851,101896,5,9,GTDB,505
724,Alistipes putredinis,95,2944,3536,712851,101896,5,9,GTDB,592
725,Alistipes putredinis,99,4064,5243,712851,101896,5,9,GTDB,1179
726,Lactobacillus delbrueckii,75,2109,3290,940775,100199,5,78,GTDB,1181
727,Lactobacillus delbrueckii,80,2119,3473,940775,100199,5,78,GTDB,1354
728,Lactobacillus delbrueckii,85,2138,3684,940775,100199,5,78,GTDB,1546
729,Lactobacillus delbrueckii,90,2169,4086,940775,100199,5,78,GTDB,1917
730,Lactobacillus delbrueckii,95,2272,5239,940775,100199,5,78,GTDB,2967
731,Lactobacillus delbrueckii,99,3354,16957,940775,100199,5,78,GTDB,13603
732,Porphyromonas_A sp900554935,75,1853,1196,447222,109305,5,2,VMGC,-657
733,Porphyromonas_A sp900554935,80,1856,1199,447222,109305,5,2,VMGC,-657
734,Porphyromonas_A sp900554935,85,1867,1201,447222,109305,5,2,VMGC,-666
735,Porphyromonas_A sp900554935,90,1883,1201,447222,109305,5,2,VMGC,-682
736,Porphyromonas_A sp900554935,95,2020,1201,447222,109305,5,2,VMGC,-819
737,Porphyromonas_A sp900554935,99,3532,1208,447222,109305,5,2,VMGC,-2324
738,Enterococcus_B faecium,75,3270,14678,580005,100015,5,1826,GTDB,11408
739,Enterococcus_B faecium,80,3303,15360,580005,100015,5,1826,GTDB,12057
740,Enterococcus_B faecium,85,3327,16458,580005,100015,5,1826,GTDB,13131
741,Enterococcus_B faecium,90,3386,18616,580005,100015,5,1826,GTDB,15230
742,Enterococcus_B faecium,95,3520,24268,580005,100015,5,1826,GTDB,20748
743,Enterococcus_B faecium,99,3888,46973,580005,100015,5,1826,GTDB,43085
744,Actinobaculum massiliense,75,1875,1695,629828,111310,5,2,VMGC,-180
745,Actinobaculum massiliense,80,1880,1698,629828,111310,5,2,VMGC,-182
746,Actinobaculum massiliense,85,1884,1700,629828,111310,5,2,VMGC,-184
747,Actinobaculum massiliense,90,1886,1700,629828,111310,5,2,VMGC,-186
748,Actinobaculum massiliense,95,1889,1703,629828,111310,5,2,VMGC,-186
749,Actinobaculum massiliense,99,1899,1708,629828,111310,5,2,VMGC,-191
750,Actinotignum sanguinis,75,1984,1630,858790,146291,5,1,VMGC,-354
751,Actinotignum sanguinis,80,2004,1633,858790,146291,5,1,VMGC,-371
752,Actinotignum sanguinis,85,2043,1639,858790,146291,5,1,VMGC,-404
753,Actinotignum sanguinis,90,2112,1640,858790,146291,5,1,VMGC,-472
754,Actinotignum sanguinis,95,2282,1640,858790,146291,5,1,VMGC,-642
755,Actinotignum sanguinis,99,2643,1641,858790,146291,5,1,VMGC,-1002
756,Corynebacterium striatum,75,3132,4550,868360,100410,5,37,GTDB,1418
757,Corynebacterium striatum,80,3168,4685,868360,100410,5,37,GTDB,1517
758,Corynebacterium striatum,85,3216,4848,868360,100410,5,37,GTDB,1632
759,Corynebacterium striatum,90,3248,5167,868360,100410,5,37,GTDB,1919
760,Corynebacterium striatum,95,3366,6173,868360,100410,5,37,GTDB,2807
761,Corynebacterium striatum,99,5194,15190,868360,100410,5,37,GTDB,9996
762,Bifidobacterium adolescentis,75,2079,6588,289565,100195,4,80,GTDB,4509
763,Bifidobacterium adolescentis,80,2096,6923,289565,100195,4,80,GTDB,4827
764,Bifidobacterium adolescentis,85,2116,7423,289565,100195,4,80,GTDB,5307
765,Bifidobacterium adolescentis,90,2143,8179,289565,100195,4,80,GTDB,6036
766,Bifidobacterium adolescentis,95,2186,9978,289565,100195,4,80,GTDB,7792
767,Bifidobacterium adolescentis,99,2448,19650,289565,100195,4,80,GTDB,17202
768,Streptococcus anginosus_C,75,2344,3761,410787,100447,4,34,GTDB,1417
769,Streptococcus anginosus_C,80,2366,3863,410787,100447,4,34,GTDB,1497
770,Streptococcus anginosus_C,85,2418,4016,410787,100447,4,34,GTDB,1598
771,Streptococcus anginosus_C,90,2609,4417,410787,100447,4,34,GTDB,1808
772,Streptococcus anginosus_C,95,3737,5981,410787,100447,4,34,GTDB,2244
773,Streptococcus anginosus_C,99,6058,13250,410787,100447,4,34,GTDB,7192
774,Porphyromonas sp900548415,75,1697,1689,512461,115546,4,2,VMGC,-8
775,Porphyromonas sp900548415,80,1702,1698,512461,115546,4,2,VMGC,-4
776,Porphyromonas sp900548415,85,1715,1704,512461,115546,4,2,VMGC,-11
777,Porphyromonas sp900548415,90,1754,1723,512461,115546,4,2,VMGC,-31
778,Porphyromonas sp900548415,95,1962,1865,512461,115546,4,2,VMGC,-97
779,Porphyromonas sp900548415,99,3414,2604,512461,115546,4,2,VMGC,-810
780,Veillonella atypica,75,2263,2966,638728,101169,4,14,GTDB,703
781,Veillonella atypica,80,2276,3003,638728,101169,4,14,GTDB,727
782,Veillonella atypica,85,2319,3135,638728,101169,4,14,GTDB,816
783,Veillonella atypica,90,2434,3509,638728,101169,4,14,GTDB,1075
784,Veillonella atypica,95,2906,5232,638728,101169,4,14,GTDB,2326
785,Veillonella atypica,99,5114,13408,638728,101169,4,14,GTDB,8294
786,Peptoniphilus_A grossensis,75,1765,2228,703818,105963,4,4,GTDB,463
787,Peptoniphilus_A grossensis,80,1772,2242,703818,105963,4,4,GTDB,470
788,Peptoniphilus_A grossensis,85,1788,2279,703818,105963,4,4,GTDB,491
789,Peptoniphilus_A grossensis,90,1817,2373,703818,105963,4,4,GTDB,556
790,Peptoniphilus_A grossensis,95,2019,2842,703818,105963,4,4,GTDB,823
791,Peptoniphilus_A grossensis,99,3370,4778,703818,105963,4,4,GTDB,1408
792,Corynebacterium sp001815985,75,2641,2029,688626,108647,4,3,VMGC,-612
793,Corynebacterium sp001815985,80,2652,2038,688626,108647,4,3,VMGC,-614
794,Corynebacterium sp001815985,85,2679,2056,688626,108647,4,3,VMGC,-623
795,Corynebacterium sp001815985,90,2773,2126,688626,108647,4,3,VMGC,-647
796,Corynebacterium sp001815985,95,3379,2619,688626,108647,4,3,VMGC,-760
797,Corynebacterium sp001815985,99,5453,4425,688626,108647,4,3,VMGC,-1028
798,Prevotella buccalis,75,2217,2844,142362,111299,4,2,GTDB,627
799,Prevotella buccalis,80,2222,2878,142362,111299,4,2,GTDB,656
800,Prevotella buccalis,85,2227,2912,142362,111299,4,2,GTDB,685
801,Prevotella buccalis,90,2248,2978,142362,111299,4,2,GTDB,730
802,Prevotella buccalis,95,2809,3520,142362,111299,4,2,GTDB,711
803,Prevotella buccalis,99,4579,4722,142362,111299,4,2,GTDB,143
804,Urinicoccus massiliensis,75,1676,2083,717613,109785,5,2,GTDB,407
805,Urinicoccus massiliensis,80,1681,2095,717613,109785,5,2,GTDB,414
806,Urinicoccus massiliensis,85,1691,2114,717613,109785,5,2,GTDB,423
807,Urinicoccus massiliensis,90,1704,2145,717613,109785,5,2,GTDB,441
808,Urinicoccus massiliensis,95,1786,2240,717613,109785,5,2,GTDB,454
809,Urinicoccus massiliensis,99,3742,3253,717613,109785,5,2,VMGC,-489
810,Lactiplantibacillus plantarum,75,3484,10919,874075,100038,4,550,GTDB,7435
811,Lactiplantibacillus plantarum,80,3500,11668,874075,100038,4,550,GTDB,8168
812,Lactiplantibacillus plantarum,85,3519,12919,874075,100038,4,550,GTDB,9400
813,Lactiplantibacillus plantarum,90,3559,15364,874075,100038,4,550,GTDB,11805
814,Lactiplantibacillus plantarum,95,3627,22196,874075,100038,4,550,GTDB,18569
815,Lactiplantibacillus plantarum,99,4107,47334,874075,100038,4,550,GTDB,43227
816,Streptococcus pasteurianus,75,2901,3488,853753,100850,4,19,GTDB,587
817,Streptococcus pasteurianus,80,2925,3562,853753,100850,4,19,GTDB,637
818,Streptococcus pasteurianus,85,2958,3661,853753,100850,4,19,GTDB,703
819,Streptococcus pasteurianus,90,3031,3813,853753,100850,4,19,GTDB,782
820,Streptococcus pasteurianus,95,3173,4166,853753,100850,4,19,GTDB,993
821,Streptococcus pasteurianus,99,4435,5766,853753,100850,4,19,GTDB,1331
822,Prevotella brunnea,75,2047,2272,443137,112762,4,2,GTDB,225
823,Prevotella brunnea,80,2052,2300,443137,112762,4,2,GTDB,248
824,Prevotella brunnea,85,2063,2329,443137,112762,4,2,GTDB,266
825,Prevotella brunnea,90,2070,2376,443137,112762,4,2,GTDB,306
826,Prevotella brunnea,95,2082,2431,443137,112762,4,2,GTDB,349
827,Prevotella brunnea,99,2306,2588,443137,112762,4,2,GTDB,282
828,Limosilactobacillus fermentum,75,2369,4826,131011,100194,4,80,GTDB,2457
829,Limosilactobacillus fermentum,80,2390,5028,131011,100194,4,80,GTDB,2638
830,Limosilactobacillus fermentum,85,2403,5341,131011,100194,4,80,GTDB,2938
831,Limosilactobacillus fermentum,90,2434,5846,131011,100194,4,80,GTDB,3412
832,Limosilactobacillus fermentum,95,2504,7050,131011,100194,4,80,GTDB,4546
833,Limosilactobacillus fermentum,99,3072,17272,131011,100194,4,80,GTDB,14200
834,Winkia neuii,75,2123,2190,315466,102525,4,7,GTDB,67
835,Winkia neuii,80,2127,2198,315466,102525,4,7,GTDB,71
836,Winkia neuii,85,2131,2211,315466,102525,4,7,GTDB,80
837,Winkia neuii,90,2136,2233,315466,102525,4,7,GTDB,97
838,Winkia neuii,95,2159,2270,315466,102525,4,7,GTDB,111
839,Winkia neuii,99,2183,2324,315466,102525,4,7,GTDB,141
840,Lactobacillus gallinarum,75,2517,2753,533481,101652,4,10,GTDB,236
841,Lactobacillus gallinarum,80,2524,2831,533481,101652,4,10,GTDB,307
842,Lactobacillus gallinarum,85,2532,2908,533481,101652,4,10,GTDB,376
843,Lactobacillus gallinarum,90,2542,2986,533481,101652,4,10,GTDB,444
844,Lactobacillus gallinarum,95,2550,3256,533481,101652,4,10,GTDB,706
845,Lactobacillus gallinarum,99,2594,4447,533481,101652,4,10,GTDB,1853
846,Prevotella sp900548585,75,1899,1654,603554,110120,4,2,VMGC,-245
847,Prevotella sp900548585,80,1902,1656,603554,110120,4,2,VMGC,-246
848,Prevotella sp900548585,85,1912,1660,603554,110120,4,2,VMGC,-252
849,Prevotella sp900548585,90,1916,1662,603554,110120,4,2,VMGC,-254
850,Prevotella sp900548585,95,1925,1670,603554,110120,4,2,VMGC,-255
851,Prevotella sp900548585,99,2318,1929,603554,110120,4,2,VMGC,-389
852,UBA4285 sp900542465,75,1478,1389,354531,119108,4,1,VMGC,-89
853,UBA4285 sp900542465,80,1479,1389,354531,119108,4,1,VMGC,-90
854,UBA4285 sp900542465,85,1486,1390,354531,119108,4,1,VMGC,-96
855,UBA4285 sp900542465,90,1497,1391,354531,119108,4,1,VMGC,-106
856,UBA4285 sp900542465,95,1501,1392,354531,119108,4,1,VMGC,-109
857,UBA4285 sp900542465,99,1564,1392,354531,119108,4,1,VMGC,-172
858,Bacteroides fragilis,75,4832,16051,161640,100106,4,166,GTDB,11219
859,Bacteroides fragilis,80,4884,16671,161640,100106,4,166,GTDB,11787
860,Bacteroides fragilis,85,4921,17571,161640,100106,4,166,GTDB,12650
861,Bacteroides fragilis,90,4971,18897,161640,100106,4,166,GTDB,13926
862,Bacteroides fragilis,95,5043,21571,161640,100106,4,166,GTDB,16528
863,Bacteroides fragilis,99,5663,33042,161640,100106,4,166,GTDB,27379
864,Prevotella histicola,75,2648,2906,460527,107210,3,3,GTDB,258
865,Prevotella histicola,80,2657,2927,460527,107210,3,3,GTDB,270
866,Prevotella histicola,85,2669,2960,460527,107210,3,3,GTDB,291
867,Prevotella histicola,90,2687,3009,460527,107210,3,3,GTDB,322
868,Prevotella histicola,95,2795,3139,460527,107210,3,3,GTDB,344
869,Prevotella histicola,99,4290,5410,460527,107210,3,3,GTDB,1120
870,S5-A14a sp000758905,75,1704,1315,220693,137373,3,1,VMGC,-389
871,S5-A14a sp000758905,80,1722,1316,220693,137373,3,1,VMGC,-406
872,S5-A14a sp000758905,85,1749,1317,220693,137373,3,1,VMGC,-432
873,S5-A14a sp000758905,90,1815,1319,220693,137373,3,1,VMGC,-496
874,S5-A14a sp000758905,95,2033,1320,220693,137373,3,1,VMGC,-713
875,S5-A14a sp000758905,99,3014,1320,220693,137373,3,1,VMGC,-1694
876,Pseudoglutamicibacter cumminsii_A,75,1906,1988,923274,114046,3,2,GTDB,82
877,Pseudoglutamicibacter cumminsii_A,80,1925,1998,923274,114046,3,2,GTDB,73
878,Pseudoglutamicibacter cumminsii_A,85,1943,2013,923274,114046,3,2,GTDB,70
879,Pseudoglutamicibacter cumminsii_A,90,2019,2082,923274,114046,3,2,GTDB,63
880,Pseudoglutamicibacter cumminsii_A,95,2509,2522,923274,114046,3,2,GTDB,13
881,Pseudoglutamicibacter cumminsii_A,99,3870,3451,923274,114046,3,2,VMGC,-419
882,Ligilactobacillus salivarius,75,2495,5514,346038,100102,3,173,GTDB,3019
883,Ligilactobacillus salivarius,80,2507,5799,346038,100102,3,173,GTDB,3292
884,Ligilactobacillus salivarius,85,2529,6318,346038,100102,3,173,GTDB,3789
885,Ligilactobacillus salivarius,90,2557,7480,346038,100102,3,173,GTDB,4923
886,Ligilactobacillus salivarius,95,2647,10985,346038,100102,3,173,GTDB,8338
887,Ligilactobacillus salivarius,99,3946,31381,346038,100102,3,173,GTDB,27435
888,Klebsiella aerogenes,75,4745,20114,190667,100061,3,262,GTDB,15369
889,Klebsiella aerogenes,80,4754,20864,190667,100061,3,262,GTDB,16110
890,Klebsiella aerogenes,85,4763,22177,190667,100061,3,262,GTDB,17414
891,Klebsiella aerogenes,90,4770,24237,190667,100061,3,262,GTDB,19467
892,Klebsiella aerogenes,95,4778,31152,190667,100061,3,262,GTDB,26374
893,Klebsiella aerogenes,99,4837,89576,190667,100061,3,262,GTDB,84739
894,Morganella morganii,75,3916,9837,329408,100192,3,80,GTDB,5921
895,Morganella morganii,80,3934,10159,329408,100192,3,80,GTDB,6225
896,Morganella morganii,85,3959,10627,329408,100192,3,80,GTDB,6668
897,Morganella morganii,90,3988,11542,329408,100192,3,80,GTDB,7554
898,Morganella morganii,95,4058,15895,329408,100192,3,80,GTDB,11837
899,Morganella morganii,99,5972,48351,329408,100192,3,80,GTDB,42379
900,Lactobacillus helveticus,75,2203,5163,470434,100121,3,129,GTDB,2960
901,Lactobacillus helveticus,80,2236,5419,470434,100121,3,129,GTDB,3183
902,Lactobacillus helveticus,85,2251,5799,470434,100121,3,129,GTDB,3548
903,Lactobacillus helveticus,90,2281,6416,470434,100121,3,129,GTDB,4135
904,Lactobacillus helveticus,95,2347,7958,470434,100121,3,129,GTDB,5611
905,Lactobacillus helveticus,99,2927,17327,470434,100121,3,129,GTDB,14400
906,Corynebacterium jeikeium,75,2346,2502,443661,101947,3,9,GTDB,156
907,Corynebacterium jeikeium,80,2370,2555,443661,101947,3,9,GTDB,185
908,Corynebacterium jeikeium,85,2443,2677,443661,101947,3,9,GTDB,234
909,Corynebacterium jeikeium,90,2638,3037,443661,101947,3,9,GTDB,399
910,Corynebacterium jeikeium,95,3308,4179,443661,101947,3,9,GTDB,871
911,Corynebacterium jeikeium,99,4816,6987,443661,101947,3,9,GTDB,2171
912,Anaerococcus hydrogenalis,75,1943,2137,576789,105764,3,4,GTDB,194
913,Anaerococcus hydrogenalis,80,1946,2148,576789,105764,3,4,GTDB,202
914,Anaerococcus hydrogenalis,85,1956,2165,576789,105764,3,4,GTDB,209
915,Anaerococcus hydrogenalis,90,1980,2206,576789,105764,3,4,GTDB,226
916,Anaerococcus hydrogenalis,95,2072,2446,576789,105764,3,4,GTDB,374
917,Anaerococcus hydrogenalis,99,3238,4608,576789,105764,3,4,GTDB,1370
918,Bulleidia moorei,75,1967,2615,796000,105468,3,4,GTDB,648
919,Bulleidia moorei,80,1969,2642,796000,105468,3,4,GTDB,673
920,Bulleidia moorei,85,1978,2670,796000,105468,3,4,GTDB,692
921,Bulleidia moorei,90,1984,2729,796000,105468,3,4,GTDB,745
922,Bulleidia moorei,95,2005,2841,796000,105468,3,4,GTDB,836
923,Bulleidia moorei,99,2649,4112,796000,105468,3,4,GTDB,1463
924,Dermabacter hominis,75,2227,2793,317932,102052,3,8,GTDB,566
925,Dermabacter hominis,80,2234,2858,317932,102052,3,8,GTDB,624
926,Dermabacter hominis,85,2248,2974,317932,102052,3,8,GTDB,726
927,Dermabacter hominis,90,2261,3189,317932,102052,3,8,GTDB,928
928,Dermabacter hominis,95,2328,4001,317932,102052,3,8,GTDB,1673
929,Dermabacter hominis,99,2934,9378,317932,102052,3,8,GTDB,6444
930,KA00134 sp001574395,75,1380,1492,761596,121860,3,1,GTDB,112
931,KA00134 sp001574395,80,1380,1493,761596,121860,3,1,GTDB,113
932,KA00134 sp001574395,85,1381,1496,761596,121860,3,1,GTDB,115
933,KA00134 sp001574395,90,1382,1500,761596,121860,3,1,GTDB,118
934,KA00134 sp001574395,95,1388,1504,761596,121860,3,1,GTDB,116
935,KA00134 sp001574395,99,1689,1504,761596,121860,3,1,VMGC,-185
936,Actinomyces urogenitalis,75,2426,2358,890778,104601,3,4,VMGC,-68
937,Actinomyces urogenitalis,80,2433,2367,890778,104601,3,4,VMGC,-66
938,Actinomyces urogenitalis,85,2443,2384,890778,104601,3,4,VMGC,-59
939,Actinomyces urogenitalis,90,2462,2422,890778,104601,3,4,VMGC,-40
940,Actinomyces urogenitalis,95,2480,2463,890778,104601,3,4,VMGC,-17
941,Actinomyces urogenitalis,99,2618,2795,890778,104601,3,4,GTDB,177
942,Criibacterium bergeronii,75,1774,2517,121829,110831,3,2,GTDB,743
943,Criibacterium bergeronii,80,1776,2533,121829,110831,3,2,GTDB,757
944,Criibacterium bergeronii,85,1783,2563,121829,110831,3,2,GTDB,780
945,Criibacterium bergeronii,90,1787,2587,121829,110831,3,2,GTDB,800
946,Criibacterium bergeronii,95,1807,2634,121829,110831,3,2,GTDB,827
947,Criibacterium bergeronii,99,2222,2986,121829,110831,3,2,GTDB,764
948,Lawsonella clevelandensis,75,1605,1641,879858,108477,3,3,GTDB,36
949,Lawsonella clevelandensis,80,1606,1643,879858,108477,3,3,GTDB,37
950,Lawsonella clevelandensis,85,1608,1649,879858,108477,3,3,GTDB,41
951,Lawsonella clevelandensis,90,1613,1661,879858,108477,3,3,GTDB,48
952,Lawsonella clevelandensis,95,1619,1689,879858,108477,3,3,GTDB,70
953,Lawsonella clevelandensis,99,1674,1832,879858,108477,3,3,GTDB,158
954,Lacticaseibacillus paracasei,75,2827,8247,343454,100079,3,215,GTDB,5420
955,Lacticaseibacillus paracasei,80,2834,8759,343454,100079,3,215,GTDB,5925
956,Lacticaseibacillus paracasei,85,2837,9423,343454,100079,3,215,GTDB,6586
957,Lacticaseibacillus paracasei,90,2852,10594,343454,100079,3,215,GTDB,7742
958,Lacticaseibacillus paracasei,95,2885,14266,343454,100079,3,215,GTDB,11381
959,Lacticaseibacillus paracasei,99,3446,35232,343454,100079,3,215,GTDB,31786
960,Staphylococcus hominis,75,2011,6280,778592,100108,3,166,GTDB,4269
961,Staphylococcus hominis,80,2018,6482,778592,100108,3,166,GTDB,4464
962,Staphylococcus hominis,85,2026,6763,778592,100108,3,166,GTDB,4737
963,Staphylococcus hominis,90,2029,7370,778592,100108,3,166,GTDB,5341
964,Staphylococcus hominis,95,2047,9477,778592,100108,3,166,GTDB,7430
965,Staphylococcus hominis,99,2544,23490,778592,100108,3,166,GTDB,20946
966,Corynebacterium sp001831515,75,2190,2439,422249,111806,3,2,GTDB,249
967,Corynebacterium sp001831515,80,2195,2450,422249,111806,3,2,GTDB,255
968,Corynebacterium sp001831515,85,2199,2472,422249,111806,3,2,GTDB,273
969,Corynebacterium sp001831515,90,2206,2552,422249,111806,3,2,GTDB,346
970,Corynebacterium sp001831515,95,2213,3053,422249,111806,3,2,GTDB,840
971,Corynebacterium sp001831515,99,2220,3967,422249,111806,3,2,GTDB,1747
972,Bifidobacterium sp002742445,75,1873,2738,408306,102455,2,7,GTDB,865
973,Bifidobacterium sp002742445,80,1889,2787,408306,102455,2,7,GTDB,898
974,Bifidobacterium sp002742445,85,1907,2834,408306,102455,2,7,GTDB,927
975,Bifidobacterium sp002742445,90,1947,2928,408306,102455,2,7,GTDB,981
976,Bifidobacterium sp002742445,95,2075,3236,408306,102455,2,7,GTDB,1161
977,Bifidobacterium sp002742445,99,2586,4939,408306,102455,2,7,GTDB,2353
978,Bacteroides stercoris,75,2769,10894,876474,100290,2,55,GTDB,8125
979,Bacteroides stercoris,80,2774,11253,876474,100290,2,55,GTDB,8479
980,Bacteroides stercoris,85,2782,11729,876474,100290,2,55,GTDB,8947
981,Bacteroides stercoris,90,2794,12306,876474,100290,2,55,GTDB,9512
982,Bacteroides stercoris,95,2821,13498,876474,100290,2,55,GTDB,10677
983,Bacteroides stercoris,99,3514,25570,876474,100290,2,55,GTDB,22056
984,Arcanobacterium_A urinimassiliense,75,1281,1378,523926,130022,2,1,GTDB,97
985,Arcanobacterium_A urinimassiliense,80,1281,1378,523926,130022,2,1,GTDB,97
986,Arcanobacterium_A urinimassiliense,85,1282,1379,523926,130022,2,1,GTDB,97
987,Arcanobacterium_A urinimassiliense,90,1286,1380,523926,130022,2,1,GTDB,94
988,Arcanobacterium_A urinimassiliense,95,1322,1382,523926,130022,2,1,GTDB,60
989,Arcanobacterium_A urinimassiliense,99,1796,1382,523926,130022,2,1,VMGC,-414
990,F0422 sp001553345,75,1557,2080,836756,102762,2,7,GTDB,523
991,F0422 sp001553345,80,1564,2125,836756,102762,2,7,GTDB,561
992,F0422 sp001553345,85,1569,2189,836756,102762,2,7,GTDB,620
993,F0422 sp001553345,90,1593,2378,836756,102762,2,7,GTDB,785
994,F0422 sp001553345,95,1680,2989,836756,102762,2,7,GTDB,1309
995,F0422 sp001553345,99,2090,6166,836756,102762,2,7,GTDB,4076
996,Sutterella sp900762445,75,1793,1813,394856,146014,2,1,GTDB,20
997,Sutterella sp900762445,80,1799,1817,394856,146014,2,1,GTDB,18
998,Sutterella sp900762445,85,1802,1817,394856,146014,2,1,GTDB,15
999,Sutterella sp900762445,90,1809,1817,394856,146014,2,1,GTDB,8
1000,Sutterella sp900762445,95,1822,1818,394856,146014,2,1,VMGC,-4
1001,Sutterella sp900762445,99,1912,1818,394856,146014,2,1,VMGC,-94
1002,Limosilactobacillus reuteri,75,1922,8683,936565,100131,2,121,GTDB,6761
1003,Limosilactobacillus reuteri,80,1933,8951,936565,100131,2,121,GTDB,7018
1004,Limosilactobacillus reuteri,85,1940,9478,936565,100131,2,121,GTDB,7538
1005,Limosilactobacillus reuteri,90,1955,10731,936565,100131,2,121,GTDB,8776
1006,Limosilactobacillus reuteri,95,2064,14986,936565,100131,2,121,GTDB,12922
1007,Limosilactobacillus reuteri,99,2646,38669,936565,100131,2,121,GTDB,36023
1008,Lactobacillus ultunensis,75,1824,2012,508744,107519,2,3,GTDB,188
1009,Lactobacillus ultunensis,80,1826,2016,508744,107519,2,3,GTDB,190
1010,Lactobacillus ultunensis,85,1828,2019,508744,107519,2,3,GTDB,191
1011,Lactobacillus ultunensis,90,1829,2020,508744,107519,2,3,GTDB,191
1012,Lactobacillus ultunensis,95,1834,2024,508744,107519,2,3,GTDB,190
1013,Lactobacillus ultunensis,99,1837,2024,508744,107519,2,3,GTDB,187
1014,Streptococcus oralis_BA,75,1811,1936,436850,116932,2,2,GTDB,125
1015,Streptococcus oralis_BA,80,1816,1940,436850,116932,2,2,GTDB,124
1016,Streptococcus oralis_BA,85,1825,1947,436850,116932,2,2,GTDB,122
1017,Streptococcus oralis_BA,90,1847,1971,436850,116932,2,2,GTDB,124
1018,Streptococcus oralis_BA,95,2083,2146,436850,116932,2,2,GTDB,63
1019,Streptococcus oralis_BA,99,2381,2381,436850,116932,2,2,GTDB,0
1020,Agathobacter faecis,75,3182,8458,336321,100721,2,22,GTDB,5276
1021,Agathobacter faecis,80,3196,8611,336321,100721,2,22,GTDB,5415
1022,Agathobacter faecis,85,3232,8859,336321,100721,2,22,GTDB,5627
1023,Agathobacter faecis,90,3281,9228,336321,100721,2,22,GTDB,5947
1024,Agathobacter faecis,95,3388,10162,336321,100721,2,22,GTDB,6774
1025,Agathobacter faecis,99,4117,17992,336321,100721,2,22,GTDB,13875
1026,Prevotella buccae,75,2283,3427,873273,104235,2,5,GTDB,1144
1027,Prevotella buccae,80,2289,3479,873273,104235,2,5,GTDB,1190
1028,Prevotella buccae,85,2292,3565,873273,104235,2,5,GTDB,1273
1029,Prevotella buccae,90,2295,3653,873273,104235,2,5,GTDB,1358
1030,Prevotella buccae,95,2296,3796,873273,104235,2,5,GTDB,1500
1031,Prevotella buccae,99,2296,6214,873273,104235,2,5,GTDB,3918
1032,Pauljensenia sp000758755,75,1898,1856,323313,110700,2,2,VMGC,-42
1033,Pauljensenia sp000758755,80,1902,1861,323313,110700,2,2,VMGC,-41
1034,Pauljensenia sp000758755,85,1908,1875,323313,110700,2,2,VMGC,-33
1035,Pauljensenia sp000758755,90,1921,1908,323313,110700,2,2,VMGC,-13
1036,Pauljensenia sp000758755,95,2042,2091,323313,110700,2,2,GTDB,49
1037,Pauljensenia sp000758755,99,2673,2935,323313,110700,2,2,GTDB,262
1038,Anaerococcus sp900258475,75,1547,2227,488521,109488,2,2,GTDB,680
1039,Anaerococcus sp900258475,80,1552,2235,488521,109488,2,2,GTDB,683
1040,Anaerococcus sp900258475,85,1554,2250,488521,109488,2,2,GTDB,696
1041,Anaerococcus sp900258475,90,1567,2289,488521,109488,2,2,GTDB,722
1042,Anaerococcus sp900258475,95,1644,2449,488521,109488,2,2,GTDB,805
1043,Anaerococcus sp900258475,99,2008,3267,488521,109488,2,2,GTDB,1259
1044,Enterobacter hormaechei_A,75,4232,38030,337961,100022,2,1536,GTDB,33798
1045,Enterobacter hormaechei_A,80,4241,40142,337961,100022,2,1536,GTDB,35901
1046,Enterobacter hormaechei_A,85,4248,44202,337961,100022,2,1536,GTDB,39954
1047,Enterobacter hormaechei_A,90,4257,51694,337961,100022,2,1536,GTDB,47437
1048,Enterobacter hormaechei_A,95,4271,73143,337961,100022,2,1536,GTDB,68872
1049,Enterobacter hormaechei_A,99,4748,180018,337961,100022,2,1536,GTDB,175270
1050,Bacteroides ovatus,75,4946,18379,188793,100215,2,73,GTDB,13433
1051,Bacteroides ovatus,80,4970,19197,188793,100215,2,73,GTDB,14227
1052,Bacteroides ovatus,85,5000,20419,188793,100215,2,73,GTDB,15419
1053,Bacteroides ovatus,90,5081,22358,188793,100215,2,73,GTDB,17277
1054,Bacteroides ovatus,95,5319,26874,188793,100215,2,73,GTDB,21555
1055,Bacteroides ovatus,99,6219,48137,188793,100215,2,73,GTDB,41918
1056,Prevotella pallens,75,2102,2622,381028,107101,2,3,GTDB,520
1057,Prevotella pallens,80,2111,2651,381028,107101,2,3,GTDB,540
1058,Prevotella pallens,85,2118,2676,381028,107101,2,3,GTDB,558
1059,Prevotella pallens,90,2125,2726,381028,107101,2,3,GTDB,601
1060,Prevotella pallens,95,2159,2840,381028,107101,2,3,GTDB,681
1061,Prevotella pallens,99,2657,3517,381028,107101,2,3,GTDB,860
1062,Dialister invisus,75,1546,2086,413111,102062,2,8,GTDB,540
1063,Dialister invisus,80,1549,2103,413111,102062,2,8,GTDB,554
1064,Dialister invisus,85,1555,2120,413111,102062,2,8,GTDB,565
1065,Dialister invisus,90,1560,2154,413111,102062,2,8,GTDB,594
1066,Dialister invisus,95,1628,2379,413111,102062,2,8,GTDB,751
1067,Dialister invisus,99,2209,5546,413111,102062,2,8,GTDB,3337
1068,Porphyromonas uenonis,75,1702,1774,367613,107546,2,3,GTDB,72
1069,Porphyromonas uenonis,80,1709,1785,367613,107546,2,3,GTDB,76
1070,Porphyromonas uenonis,85,1717,1800,367613,107546,2,3,GTDB,83
1071,Porphyromonas uenonis,90,1730,1831,367613,107546,2,3,GTDB,101
1072,Porphyromonas uenonis,95,1812,1947,367613,107546,2,3,GTDB,135
1073,Porphyromonas uenonis,99,2732,2820,367613,107546,2,3,GTDB,88
1074,Haemophilus haemolyticus,75,2018,3682,945663,100547,2,28,GTDB,1664
1075,Haemophilus haemolyticus,80,2025,3813,945663,100547,2,28,GTDB,1788
1076,Haemophilus haemolyticus,85,2032,3977,945663,100547,2,28,GTDB,1945
1077,Haemophilus haemolyticus,90,2067,4368,945663,100547,2,28,GTDB,2301
1078,Haemophilus haemolyticus,95,2393,8274,945663,100547,2,28,GTDB,5881
1079,Haemophilus haemolyticus,99,3487,34355,945663,100547,2,28,GTDB,30868
1080,Peptostreptococcus sp900759325,75,1552,1461,895991,127299,2,1,VMGC,-91
1081,Peptostreptococcus sp900759325,80,1554,1461,895991,127299,2,1,VMGC,-93
1082,Peptostreptococcus sp900759325,85,1561,1461,895991,127299,2,1,VMGC,-100
1083,Peptostreptococcus sp900759325,90,1584,1461,895991,127299,2,1,VMGC,-123
1084,Peptostreptococcus sp900759325,95,1666,1461,895991,127299,2,1,VMGC,-205
1085,Peptostreptococcus sp900759325,99,2142,1461,895991,127299,2,1,VMGC,-681
1086,Cutibacterium avidum,75,2586,3455,353147,100663,2,23,GTDB,869
1087,Cutibacterium avidum,80,2615,3535,353147,100663,2,23,GTDB,920
1088,Cutibacterium avidum,85,2643,3659,353147,100663,2,23,GTDB,1016
1089,Cutibacterium avidum,90,2715,3905,353147,100663,2,23,GTDB,1190
1090,Cutibacterium avidum,95,2945,4549,353147,100663,2,23,GTDB,1604
1091,Cutibacterium avidum,99,4324,8654,353147,100663,2,23,GTDB,4330
1092,Ezakiella massiliensis,75,1595,1534,216771,132473,2,1,VMGC,-61
1093,Ezakiella massiliensis,80,1600,1537,216771,132473,2,1,VMGC,-63
1094,Ezakiella massiliensis,85,1603,1542,216771,132473,2,1,VMGC,-61
1095,Ezakiella massiliensis,90,1619,1543,216771,132473,2,1,VMGC,-76
1096,Ezakiella massiliensis,95,1788,1546,216771,132473,2,1,VMGC,-242
1097,Ezakiella massiliensis,99,2406,1548,216771,132473,2,1,VMGC,-858
1098,Gleimia europaea_A,75,1895,2089,533622,105836,2,4,GTDB,194
1099,Gleimia europaea_A,80,1897,2101,533622,105836,2,4,GTDB,204
1100,Gleimia europaea_A,85,1909,2130,533622,105836,2,4,GTDB,221
1101,Gleimia europaea_A,90,1935,2185,533622,105836,2,4,GTDB,250
1102,Gleimia europaea_A,95,2160,2659,533622,105836,2,4,GTDB,499
1103,Gleimia europaea_A,99,3120,4842,533622,105836,2,4,GTDB,1722
1104,Corynebacterium aurimucosum_E,75,2436,2528,948444,105080,2,4,GTDB,92
1105,Corynebacterium aurimucosum_E,80,2452,2546,948444,105080,2,4,GTDB,94
1106,Corynebacterium aurimucosum_E,85,2463,2592,948444,105080,2,4,GTDB,129
1107,Corynebacterium aurimucosum_E,90,2505,2676,948444,105080,2,4,GTDB,171
1108,Corynebacterium aurimucosum_E,95,2723,3043,948444,105080,2,4,GTDB,320
1109,Corynebacterium aurimucosum_E,99,3505,4372,948444,105080,2,4,GTDB,867
1110,Prevotella bergensis,75,2301,2449,629237,118092,2,1,GTDB,148
1111,Prevotella bergensis,80,2304,2456,629237,118092,2,1,GTDB,152
1112,Prevotella bergensis,85,2310,2462,629237,118092,2,1,GTDB,152
1113,Prevotella bergensis,90,2333,2474,629237,118092,2,1,GTDB,141
1114,Prevotella bergensis,95,2371,2486,629237,118092,2,1,GTDB,115
1115,Prevotella bergensis,99,3519,2489,629237,118092,2,1,VMGC,-1030
1116,Corynebacterium imitans,75,2421,2274,546788,110481,2,2,VMGC,-147
1117,Corynebacterium imitans,80,2432,2277,546788,110481,2,2,VMGC,-155
1118,Corynebacterium imitans,85,2440,2279,546788,110481,2,2,VMGC,-161
1119,Corynebacterium imitans,90,2476,2284,546788,110481,2,2,VMGC,-192
1120,Corynebacterium imitans,95,2652,2291,546788,110481,2,2,VMGC,-361
1121,Corynebacterium imitans,99,3579,2292,546788,110481,2,2,VMGC,-1287
1122,Facklamia hominis,75,1792,2094,196136,103768,2,5,GTDB,302
1123,Facklamia hominis,80,1801,2110,196136,103768,2,5,GTDB,309
1124,Facklamia hominis,85,1802,2127,196136,103768,2,5,GTDB,325
1125,Facklamia hominis,90,1818,2176,196136,103768,2,5,GTDB,358
1126,Facklamia hominis,95,1925,2582,196136,103768,2,5,GTDB,657
1127,Facklamia hominis,99,2593,4971,196136,103768,2,5,GTDB,2378
1128,Corynebacterium aurimucosum,75,2193,2470,783682,109782,2,2,GTDB,277
1129,Corynebacterium aurimucosum,80,2195,2472,783682,109782,2,2,GTDB,277
1130,Corynebacterium aurimucosum,85,2199,2474,783682,109782,2,2,GTDB,275
1131,Corynebacterium aurimucosum,90,2212,2483,783682,109782,2,2,GTDB,271
1132,Corynebacterium aurimucosum,95,2260,2491,783682,109782,2,2,GTDB,231
1133,Corynebacterium aurimucosum,99,2536,2512,783682,109782,2,2,VMGC,-24
1134,Streptococcus pseudoporcinus,75,1794,2354,327120,101743,2,10,GTDB,560
1135,Streptococcus pseudoporcinus,80,1794,2368,327120,101743,2,10,GTDB,574
1136,Streptococcus pseudoporcinus,85,1797,2412,327120,101743,2,10,GTDB,615
1137,Streptococcus pseudoporcinus,90,1798,2471,327120,101743,2,10,GTDB,673
1138,Streptococcus pseudoporcinus,95,1798,2552,327120,101743,2,10,GTDB,754
1139,Streptococcus pseudoporcinus,99,1799,4162,327120,101743,2,10,GTDB,2363
1140,Corynebacterium glucuronolyticum,75,2551,2897,674228,106018,2,4,GTDB,346
1141,Corynebacterium glucuronolyticum,80,2557,2915,674228,106018,2,4,GTDB,358
1142,Corynebacterium glucuronolyticum,85,2569,2945,674228,106018,2,4,GTDB,376
1143,Corynebacterium glucuronolyticum,90,2583,2987,674228,106018,2,4,GTDB,404
1144,Corynebacterium glucuronolyticum,95,2640,3131,674228,106018,2,4,GTDB,491
1145,Corynebacterium glucuronolyticum,99,3075,4293,674228,106018,2,4,GTDB,1218
1146,Staphylococcus simulans,75,2638,4369,925244,100210,2,74,GTDB,1731
1147,Staphylococcus simulans,80,2647,4467,925244,100210,2,74,GTDB,1820
1148,Staphylococcus simulans,85,2658,4623,925244,100210,2,74,GTDB,1965
1149,Staphylococcus simulans,90,2665,4886,925244,100210,2,74,GTDB,2221
1150,Staphylococcus simulans,95,2687,5606,925244,100210,2,74,GTDB,2919
1151,Staphylococcus simulans,99,3128,11112,925244,100210,2,74,GTDB,7984
1152,Enterococcus_B lactis,75,2748,9623,269890,100069,2,246,GTDB,6875
1153,Enterococcus_B lactis,80,2760,9993,269890,100069,2,246,GTDB,7233
1154,Enterococcus_B lactis,85,2769,10451,269890,100069,2,246,GTDB,7682
1155,Enterococcus_B lactis,90,2782,11249,269890,100069,2,246,GTDB,8467
1156,Enterococcus_B lactis,95,2899,13665,269890,100069,2,246,GTDB,10766
1157,Enterococcus_B lactis,99,3410,29389,269890,100069,2,246,GTDB,25979
1158,Pseudomonas aeruginosa,75,6028,50924,317699,100007,2,5211,GTDB,44896
1159,Pseudomonas aeruginosa,80,6045,54053,317699,100007,2,5211,GTDB,48008
1160,Pseudomonas aeruginosa,85,6057,58463,317699,100007,2,5211,GTDB,52406
1161,Pseudomonas aeruginosa,90,6074,68770,317699,100007,2,5211,GTDB,62696
1162,Pseudomonas aeruginosa,95,6095,95918,317699,100007,2,5211,GTDB,89823
1163,Pseudomonas aeruginosa,99,6557,233818,317699,100007,2,5211,GTDB,227261
1164,Murdochiella vaginalis,75,1490,1394,797034,113930,2,2,VMGC,-96
1165,Murdochiella vaginalis,80,1491,1395,797034,113930,2,2,VMGC,-96
1166,Murdochiella vaginalis,85,1492,1395,797034,113930,2,2,VMGC,-97
1167,Murdochiella vaginalis,90,1498,1395,797034,113930,2,2,VMGC,-103
1168,Murdochiella vaginalis,95,1551,1395,797034,113930,2,2,VMGC,-156
1169,Murdochiella vaginalis,99,1975,1395,797034,113930,2,2,VMGC,-580
1170,Salmonella enterica,75,4423,47275,395018,100003,2,11523,GTDB,42852
1171,Salmonella enterica,80,4433,50086,395018,100003,2,11523,GTDB,45653
1172,Salmonella enterica,85,4448,55910,395018,100003,2,11523,GTDB,51462
1173,Salmonella enterica,90,4462,66325,395018,100003,2,11523,GTDB,61863
1174,Salmonella enterica,95,4488,90862,395018,100003,2,11523,GTDB,86374
1175,Salmonella enterica,99,4607,279692,395018,100003,2,11523,GTDB,275085
1176,Klebsiella quasipneumoniae,75,5467,26542,264590,100039,2,543,GTDB,21075
1177,Klebsiella quasipneumoniae,80,5501,27538,264590,100039,2,543,GTDB,22037
1178,Klebsiella quasipneumoniae,85,5521,29581,264590,100039,2,543,GTDB,24060
1179,Klebsiella quasipneumoniae,90,5551,33253,264590,100039,2,543,GTDB,27702
1180,Klebsiella quasipneumoniae,95,5609,42968,264590,100039,2,543,GTDB,37359
1181,Klebsiella quasipneumoniae,99,6728,102644,264590,100039,2,543,GTDB,95916
1182,Chryseobacterium gleum,75,4863,5953,310609,104217,2,5,GTDB,1090
1183,Chryseobacterium gleum,80,4887,6003,310609,104217,2,5,GTDB,1116
1184,Chryseobacterium gleum,85,4934,6117,310609,104217,2,5,GTDB,1183
1185,Chryseobacterium gleum,90,4960,6232,310609,104217,2,5,GTDB,1272
1186,Chryseobacterium gleum,95,4968,6558,310609,104217,2,5,GTDB,1590
1187,Chryseobacterium gleum,99,4969,14002,310609,104217,2,5,GTDB,9033
1188,Mogibacterium timidum,75,1331,1888,281411,106409,2,3,GTDB,557
1189,Mogibacterium timidum,80,1334,1902,281411,106409,2,3,GTDB,568
1190,Mogibacterium timidum,85,1336,1921,281411,106409,2,3,GTDB,585
1191,Mogibacterium timidum,90,1338,1955,281411,106409,2,3,GTDB,617
1192,Mogibacterium timidum,95,1345,2006,281411,106409,2,3,GTDB,661
1193,Mogibacterium timidum,99,1493,2344,281411,106409,2,3,GTDB,851
1194,Prevotella nigrescens,75,1978,2849,666345,104059,2,5,GTDB,871
1195,Prevotella nigrescens,80,1991,2932,666345,104059,2,5,GTDB,941
1196,Prevotella nigrescens,85,2002,3047,666345,104059,2,5,GTDB,1045
1197,Prevotella nigrescens,90,2008,3240,666345,104059,2,5,GTDB,1232
1198,Prevotella nigrescens,95,2011,3587,666345,104059,2,5,GTDB,1576
1199,Prevotella nigrescens,99,2013,5812,666345,104059,2,5,GTDB,3799
1200,Phocaeicola coprocola,75,2967,3841,677795,105805,2,4,GTDB,874
1201,Phocaeicola coprocola,80,2990,3879,677795,105805,2,4,GTDB,889
1202,Phocaeicola coprocola,85,3044,3908,677795,105805,2,4,GTDB,864
1203,Phocaeicola coprocola,90,3091,3953,677795,105805,2,4,GTDB,862
1204,Phocaeicola coprocola,95,3118,4007,677795,105805,2,4,GTDB,889
1205,Phocaeicola coprocola,99,3663,5226,677795,105805,2,4,GTDB,1563
1206,Porphyromonas asaccharolytica,75,1780,1816,620611,106247,2,3,GTDB,36
1207,Porphyromonas asaccharolytica,80,1790,1830,620611,106247,2,3,GTDB,40
1208,Porphyromonas asaccharolytica,85,1795,1836,620611,106247,2,3,GTDB,41
1209,Porphyromonas asaccharolytica,90,1807,1863,620611,106247,2,3,GTDB,56
1210,Porphyromonas asaccharolytica,95,1859,1974,620611,106247,2,3,GTDB,115
1211,Porphyromonas asaccharolytica,99,2610,3448,620611,106247,2,3,GTDB,838
1212,Peptoniphilus_C sp902363535,75,1509,1722,596784,120041,2,1,GTDB,213
1213,Peptoniphilus_C sp902363535,80,1510,1724,596784,120041,2,1,GTDB,214
1214,Peptoniphilus_C sp902363535,85,1510,1724,596784,120041,2,1,GTDB,214
1215,Peptoniphilus_C sp902363535,90,1513,1726,596784,120041,2,1,GTDB,213
1216,Peptoniphilus_C sp902363535,95,1515,1739,596784,120041,2,1,GTDB,224
1217,Peptoniphilus_C sp902363535,99,1515,1761,596784,120041,2,1,GTDB,246
1218,Megasphaera sp001546855,75,2128,2238,214044,102958,2,6,GTDB,110
1219,Megasphaera sp001546855,80,2137,2253,214044,102958,2,6,GTDB,116
1220,Megasphaera sp001546855,85,2142,2258,214044,102958,2,6,GTDB,116
1221,Megasphaera sp001546855,90,2145,2273,214044,102958,2,6,GTDB,128
1222,Megasphaera sp001546855,95,2152,2296,214044,102958,2,6,GTDB,144
1223,Megasphaera sp001546855,99,2158,2323,214044,102958,2,6,GTDB,165
1224,Varibaculum vaginae,75,1665,1621,838832,125625,2,1,VMGC,-44
1225,Varibaculum vaginae,80,1666,1621,838832,125625,2,1,VMGC,-45
1226,Varibaculum vaginae,85,1673,1624,838832,125625,2,1,VMGC,-49
1227,Varibaculum vaginae,90,1682,1625,838832,125625,2,1,VMGC,-57
1228,Varibaculum vaginae,95,1716,1625,838832,125625,2,1,VMGC,-91
1229,Varibaculum vaginae,99,1982,1625,838832,125625,2,1,VMGC,-357
1230,Slackia exigua,75,1798,1782,173875,108200,2,3,VMGC,-16
1231,Slackia exigua,80,1799,1788,173875,108200,2,3,VMGC,-11
1232,Slackia exigua,85,1807,1794,173875,108200,2,3,VMGC,-13
1233,Slackia exigua,90,1817,1801,173875,108200,2,3,VMGC,-16
1234,Slackia exigua,95,1840,1827,173875,108200,2,3,VMGC,-13
1235,Slackia exigua,99,2198,2763,173875,108200,2,3,GTDB,565
1236,Lachnospira sp000436535,75,2320,3151,231788,104995,2,4,GTDB,831
1237,Lachnospira sp000436535,80,2322,3171,231788,104995,2,4,GTDB,849
1238,Lachnospira sp000436535,85,2324,3204,231788,104995,2,4,GTDB,880
1239,Lachnospira sp000436535,90,2326,3256,231788,104995,2,4,GTDB,930
1240,Lachnospira sp000436535,95,2327,3378,231788,104995,2,4,GTDB,1051
1241,Lachnospira sp000436535,99,2327,4415,231788,104995,2,4,GTDB,2088
1242,Phocaeicola plebeius_A,75,3186,7091,860705,100915,2,18,GTDB,3905
1243,Phocaeicola plebeius_A,80,3192,7249,860705,100915,2,18,GTDB,4057
1244,Phocaeicola plebeius_A,85,3193,7460,860705,100915,2,18,GTDB,4267
1245,Phocaeicola plebeius_A,90,3195,7784,860705,100915,2,18,GTDB,4589
1246,Phocaeicola plebeius_A,95,3197,8844,860705,100915,2,18,GTDB,5647
1247,Phocaeicola plebeius_A,99,3202,17463,860705,100915,2,18,GTDB,14261
1248,Cutibacterium acnes,75,2384,3870,319247,100056,2,302,GTDB,1486
1249,Cutibacterium acnes,80,2385,3933,319247,100056,2,302,GTDB,1548
1250,Cutibacterium acnes,85,2387,4032,319247,100056,2,302,GTDB,1645
1251,Cutibacterium acnes,90,2391,4266,319247,100056,2,302,GTDB,1875
1252,Cutibacterium acnes,95,2400,4937,319247,100056,2,302,GTDB,2537
1253,Cutibacterium acnes,99,2543,11376,319247,100056,2,302,GTDB,8833
1254,Anaeroglobus micronuciformis,75,1480,1752,219737,111387,2,2,GTDB,272
1255,Anaeroglobus micronuciformis,80,1482,1760,219737,111387,2,2,GTDB,278
1256,Anaeroglobus micronuciformis,85,1483,1760,219737,111387,2,2,GTDB,277
1257,Anaeroglobus micronuciformis,90,1485,1768,219737,111387,2,2,GTDB,283
1258,Anaeroglobus micronuciformis,95,1505,1867,219737,111387,2,2,GTDB,362
1259,Anaeroglobus micronuciformis,99,1987,2622,219737,111387,2,2,GTDB,635
1260,Prevotella sp013333285,75,1973,2217,448372,108493,2,3,GTDB,244
1261,Prevotella sp013333285,80,1973,2223,448372,108493,2,3,GTDB,250
1262,Prevotella sp013333285,85,1973,2239,448372,108493,2,3,GTDB,266
1263,Prevotella sp013333285,90,1974,2263,448372,108493,2,3,GTDB,289
1264,Prevotella sp013333285,95,1974,2438,448372,108493,2,3,GTDB,464
1265,Prevotella sp013333285,99,1974,5093,448372,108493,2,3,GTDB,3119
1266,Atopobium minutum,75,1322,1728,828813,103927,2,5,GTDB,406
1267,Atopobium minutum,80,1322,1745,828813,103927,2,5,GTDB,423
1268,Atopobium minutum,85,1322,1754,828813,103927,2,5,GTDB,432
1269,Atopobium minutum,90,1322,1773,828813,103927,2,5,GTDB,451
1270,Atopobium minutum,95,1322,1804,828813,103927,2,5,GTDB,482
1271,Atopobium minutum,99,1323,1851,828813,103927,2,5,GTDB,528
1272,Actinotignum timonense,75,1869,1826,633123,107533,2,3,VMGC,-43
1273,Actinotignum timonense,80,1876,1833,633123,107533,2,3,VMGC,-43
1274,Actinotignum timonense,85,1881,1839,633123,107533,2,3,VMGC,-42
1275,Actinotignum timonense,90,1890,1857,633123,107533,2,3,VMGC,-33
1276,Actinotignum timonense,95,1922,1916,633123,107533,2,3,VMGC,-6
1277,Actinotignum timonense,99,1980,2025,633123,107533,2,3,GTDB,45
1278,Varibaculum cambriense,75,1872,2076,880147,108092,2,3,GTDB,204
1279,Varibaculum cambriense,80,1882,2096,880147,108092,2,3,GTDB,214
1280,Varibaculum cambriense,85,1892,2121,880147,108092,2,3,GTDB,229
1281,Varibaculum cambriense,90,1916,2178,880147,108092,2,3,GTDB,262
1282,Varibaculum cambriense,95,1968,2299,880147,108092,2,3,GTDB,331
1283,Varibaculum cambriense,99,2204,2808,880147,108092,2,3,GTDB,604
1284,Winkia sp002849225,75,1972,2128,743486,103182,2,6,GTDB,156
1285,Winkia sp002849225,80,1979,2148,743486,103182,2,6,GTDB,169
1286,Winkia sp002849225,85,1985,2173,743486,103182,2,6,GTDB,188
1287,Winkia sp002849225,90,1991,2226,743486,103182,2,6,GTDB,235
1288,Winkia sp002849225,95,2008,2396,743486,103182,2,6,GTDB,388
1289,Winkia sp002849225,99,2058,3009,743486,103182,2,6,GTDB,951
1290,Brevibacterium sp001815905,75,1977,2325,477973,106935,2,3,GTDB,348
1291,Brevibacterium sp001815905,80,1983,2335,477973,106935,2,3,GTDB,352
1292,Brevibacterium sp001815905,85,1995,2352,477973,106935,2,3,GTDB,357
1293,Brevibacterium sp001815905,90,2021,2392,477973,106935,2,3,GTDB,371
1294,Brevibacterium sp001815905,95,2053,2497,477973,106935,2,3,GTDB,444
1295,Brevibacterium sp001815905,99,2171,3413,477973,106935,2,3,GTDB,1242
1296,Prevotella timonensis,75,2456,2897,315756,105331,5,4,GTDB,441
1297,Prevotella timonensis,80,2467,2948,315756,105331,5,4,GTDB,481
1298,Prevotella timonensis,85,2475,2984,315756,105331,5,4,GTDB,509
1299,Prevotella timonensis,90,2494,3040,315756,105331,5,4,GTDB,546
1300,Prevotella timonensis,95,2700,3230,315756,105331,5,4,GTDB,530
1301,Prevotella timonensis,99,5160,4738,315756,105331,5,4,VMGC,-422
