species,num_genomes,rep_number,centroid_90,centroid_99
240891,10,0,1570,3656
240891,10,1,1699,3916
240891,10,2,1707,3843
240891,10,3,1706,3891
240891,10,4,1714,3874
240891,10,5,1707,3878
240891,10,6,1650,3613
240891,10,7,1636,3710
240891,10,8,1811,3977
240891,10,9,1634,3761
240891,11,0,1703,4023
240891,11,1,1720,3966
240891,11,2,1741,4060
240891,11,3,1733,4005
240891,11,4,1733,4058
240891,11,5,1673,3815
240891,11,6,1661,3845
240891,11,7,1829,4142
240891,11,8,1714,4031
240891,11,9,1658,3720
240891,12,0,1730,4106
240891,12,1,1751,4186
240891,12,2,1732,4017
240891,12,3,1751,4192
240891,12,4,1697,3975
240891,12,5,1667,3962
240891,12,6,1837,4263
240891,12,7,1731,4189
240891,12,8,1679,3835
240891,12,9,1708,3920
240891,13,0,1775,4338
240891,13,1,1750,4157
240891,13,2,1772,4318
240891,13,3,1714,4179
240891,13,4,1670,4041
240891,13,5,1854,4410
240891,13,6,1731,4189
240891,13,7,1693,3965
240891,13,8,1762,4118
240891,13,9,1701,4192
240891,15,0,1844,4553
240891,15,1,1728,4422
240891,15,2,1757,4436
240891,15,3,1892,4586
240891,15,4,1820,4490
240891,15,5,1725,4211
240891,15,6,1796,4286
240891,15,7,1846,4471
240891,15,8,1790,4390
240891,15,9,1737,4111
240891,16,0,1731,4509
240891,16,1,1758,4448
240891,16,2,1903,4708
240891,16,3,1832,4679
240891,16,4,1738,4325
240891,16,5,1806,4424
240891,16,6,1850,4574
240891,16,7,1808,4534
240891,16,8,1804,4327
240891,16,9,1809,4604
240891,18,0,1905,4817
240891,18,1,1852,4893
240891,18,2,1795,4631
240891,18,3,1829,4642
240891,18,4,1882,4807
240891,18,5,1830,4734
240891,18,6,1835,4648
240891,18,7,1837,4812
240891,18,8,1768,4593
240891,18,9,1830,4818
240891,20,0,1865,4831
240891,20,1,1833,4742
240891,20,2,1896,4983
240891,20,3,1859,4925
240891,20,4,1841,4744
240891,20,5,1906,5055
240891,20,6,1805,4860
240891,20,7,1884,5049
240891,20,8,1852,5047
240891,20,9,1835,4950
240891,2,0,1364,1904
240891,2,1,1327,1808
240891,2,2,1356,1863
240891,23,0,1867,5042
240891,23,1,1898,5108
240891,23,2,1914,5153
240891,23,3,1816,5050
240891,23,4,1896,5287
240891,23,5,1891,5326
240891,23,6,1891,5094
240891,23,7,1942,5384
240891,23,8,1880,5219
240891,23,9,1917,5169
240891,2,3,1260,1715
240891,2,4,1296,1749
240891,25,0,1923,5217
240891,25,1,1836,5229
240891,25,2,1918,5469
240891,25,3,1914,5486
240891,25,4,1958,5393
240891,25,5,1974,5536
240891,25,6,1887,5368
240891,25,7,1929,5353
240891,25,8,1940,5457
240891,25,9,1846,5173
240891,2,5,1266,1760
240891,2,6,1352,1765
240891,2,7,1388,1920
240891,28,0,1946,5678
240891,28,1,1970,5549
240891,28,2,1987,5698
240891,28,3,1912,5554
240891,28,4,1969,5608
240891,28,5,1996,5754
240891,28,6,1939,5564
240891,28,7,1952,5470
240891,28,8,1997,5730
240891,28,9,1980,5528
240891,2,8,1242,1654
240891,2,9,1257,1638
240891,30,0,1998,5786
240891,30,1,1993,5791
240891,30,2,1985,5772
240891,30,3,2002,5842
240891,30,4,1950,5737
240891,30,5,1965,5687
240891,30,6,1998,5786
240891,30,7,1994,5717
240891,30,8,1950,5737
240891,30,9,1965,5687
240891,3,0,1360,2125
240891,31,0,2002,5845
240891,3,1,1474,2261
240891,3,2,1260,1715
240891,3,3,1360,2146
240891,3,4,1357,2190
240891,3,5,1424,2193
240891,3,6,1466,2292
240891,3,7,1292,1977
240891,3,8,1410,2159
240891,3,9,1332,2048
240891,4,0,1511,2555
240891,4,1,1337,2068
240891,4,2,1392,2419
240891,4,3,1541,2638
240891,4,4,1475,2497
240891,4,5,1534,2618
240891,4,6,1337,2302
240891,4,7,1461,2533
240891,4,8,1380,2379
240891,4,9,1468,2567
240891,5,0,1392,2401
240891,5,1,1506,2755
240891,5,2,1589,2916
240891,5,3,1514,2807
240891,5,4,1571,2863
240891,5,5,1395,2514
240891,5,6,1494,2761
240891,5,7,1443,2661
240891,5,8,1500,2828
240891,5,9,1512,2790
240891,6,0,1543,3056
240891,6,1,1621,3130
240891,6,2,1542,3054
240891,6,3,1602,3037
240891,6,4,1419,2784
240891,6,5,1546,3049
240891,6,6,1496,2942
240891,6,7,1536,3112
240891,6,8,1577,3081
240891,6,9,1580,3091
240891,7,0,1654,3336
240891,7,1,1560,3241
240891,7,2,1621,3216
240891,7,3,1461,3019
240891,7,4,1564,3295
240891,7,5,1604,3213
240891,7,6,1655,3397
240891,7,7,1605,3254
240891,7,8,1612,3370
240891,7,9,1613,3238
240891,8,0,1623,3463
240891,8,1,1659,3475
240891,8,2,1491,3242
240891,8,3,1612,3499
240891,8,4,1622,3434
240891,8,5,1672,3561
240891,8,6,1621,3432
240891,8,7,1670,3559
240891,8,8,1638,3454
240891,8,9,1605,3411
240891,9,0,1682,3685
240891,9,1,1514,3440
240891,9,2,1688,3800
240891,9,3,1631,3577
240891,9,4,1699,3754
240891,9,5,1702,3753
240891,9,6,1700,3743
240891,9,7,1638,3453
240891,9,8,1615,3553
240891,9,9,1757,3808
571325,10,0,1943,2235
571325,10,1,1936,2180
571325,10,2,1985,2279
571325,10,3,1898,2120
571325,10,4,1925,2152
571325,10,5,1913,2103
571325,10,6,1939,2246
571325,10,7,1874,2066
571325,10,8,1966,2246
571325,10,9,1959,2190
571325,11,0,1952,2207
571325,11,1,1984,2280
571325,11,2,1897,2130
571325,11,3,1959,2226
571325,11,4,1932,2162
571325,11,5,1943,2256
571325,11,6,1877,2080
571325,11,7,1992,2299
571325,11,8,1960,2236
571325,11,9,1939,2153
571325,12,0,2030,2339
571325,12,1,1903,2157
571325,12,2,1960,2227
571325,12,3,1933,2165
571325,12,4,1993,2315
571325,12,5,1877,2087
571325,12,6,1994,2318
571325,12,7,1978,2281
571325,12,8,1945,2158
571325,12,9,1970,2271
571325,13,0,1925,2219
571325,13,1,1963,2252
571325,13,2,2004,2290
571325,13,3,2009,2342
571325,13,4,1938,2172
571325,13,5,2014,2374
571325,13,6,2034,2356
571325,13,7,1945,2158
571325,13,8,1970,2274
571325,13,9,2034,2329
571325,15,0,2007,2317
571325,15,1,2013,2360
571325,15,2,1999,2269
571325,15,3,2032,2435
571325,15,4,2046,2410
571325,15,5,1956,2228
571325,15,6,2011,2399
571325,15,7,2036,2336
571325,15,8,1914,2222
571325,15,9,2067,2428
571325,17,0,2015,2335
571325,17,1,2033,2436
571325,17,2,2068,2478
571325,17,3,1980,2323
571325,17,4,2013,2419
571325,17,5,2062,2421
571325,17,6,1917,2249
571325,17,7,2070,2435
571325,17,8,2030,2450
571325,17,9,2053,2418
571325,18,0,2046,2480
571325,18,1,2068,2481
571325,18,2,2011,2394
571325,18,3,2013,2420
571325,18,4,2067,2458
571325,18,5,1933,2273
571325,18,6,2080,2477
571325,18,7,2042,2484
571325,18,8,2055,2422
571325,18,9,2075,2529
571325,20,0,2033,2475
571325,20,1,2031,2482
571325,20,2,2067,2459
571325,20,3,1993,2360
571325,20,4,2085,2505
571325,20,5,2047,2499
571325,20,6,2070,2486
571325,20,7,2077,2548
571325,20,8,2079,2506
571325,20,9,2022,2441
571325,2,0,1708,1725
571325,2,1,1748,1785
571325,2,2,1668,1682
571325,23,0,2019,2437
571325,23,1,2108,2603
571325,23,2,2100,2586
571325,23,3,2096,2586
571325,23,4,2112,2620
571325,23,5,2094,2576
571325,23,6,2090,2557
571325,23,7,2093,2588
571325,23,8,2071,2594
571325,23,9,2078,2535
571325,2,3,1530,1546
571325,2,4,1760,1801
571325,25,0,2117,2640
571325,25,1,2096,2591
571325,25,2,2114,2624
571325,25,3,2115,2656
571325,25,4,2092,2571
571325,25,5,2097,2614
571325,25,6,2074,2609
571325,25,7,2103,2629
571325,25,8,2117,2633
571325,25,9,2121,2655
571325,2,5,1758,1791
571325,2,6,1651,1708
571325,27,0,2114,2626
571325,27,1,2123,2664
571325,27,2,2107,2642
571325,27,3,2115,2659
571325,27,4,2075,2610
571325,27,5,2122,2666
571325,27,6,2118,2640
571325,27,7,2123,2664
571325,27,8,2065,2588
571325,27,9,2115,2659
571325,2,7,1710,1731
571325,28,0,2122,2666
571325,2,8,1666,1684
571325,2,9,1652,1669
571325,3,0,1795,1872
571325,3,1,1715,1748
571325,3,2,1581,1607
571325,3,3,1759,1806
571325,3,4,1774,1831
571325,3,5,1735,1847
571325,3,6,1776,1819
571325,3,7,1677,1703
571325,3,8,1786,1872
571325,3,9,1690,1741
571325,4,0,1765,1827
571325,4,1,1655,1688
571325,4,2,1773,1880
571325,4,3,1776,1839
571325,4,4,1773,1893
571325,4,5,1861,1947
571325,4,6,1723,1765
571325,4,7,1829,1924
571325,4,8,1845,1937
571325,4,9,1792,1865
571325,5,0,1673,1718
571325,5,1,1792,1909
571325,5,2,1834,1941
571325,5,3,1779,1941
571325,5,4,1865,1976
571325,5,5,1771,1865
571325,5,6,1842,1965
571325,5,7,1915,2033
571325,5,8,1857,1986
571325,5,9,1839,1935
571325,6,0,1787,1914
571325,6,1,1870,2016
571325,6,2,1876,2077
571325,6,3,1930,2082
571325,6,4,1827,1935
571325,6,5,1843,1973
571325,6,6,1941,2113
571325,6,7,1883,2033
571325,6,8,1860,2018
571325,6,9,1734,1835
571325,7,0,1899,2091
571325,7,1,1867,2078
571325,7,2,1970,2130
571325,7,3,1874,1998
571325,7,4,1854,2039
571325,7,5,1951,2143
571325,7,6,1882,2033
571325,7,7,1871,2063
571325,7,8,1825,1935
571325,7,9,1873,2097
571325,8,0,1865,2077
571325,8,1,1993,2212
571325,8,2,1906,2107
571325,8,3,1860,2070
571325,8,4,1955,2186
571325,8,5,1882,2033
571325,8,6,1876,2072
571325,8,7,1834,1973
571325,8,8,1903,2154
571325,8,9,1837,1958
571325,9,0,2012,2268
571325,9,1,1918,2154
571325,9,2,1934,2171
571325,9,3,1980,2255
571325,9,4,1894,2079
571325,9,5,1923,2140
571325,9,6,1892,2058
571325,9,7,1908,2177
571325,9,8,1858,2025
571325,9,9,1944,2195
611554,10,0,2657,4270
611554,10,1,2686,4031
611554,10,2,2795,4820
611554,10,3,2461,3328
611554,10,4,2794,4384
611554,10,5,2674,4129
611554,10,6,2478,3234
611554,10,7,2655,4130
611554,10,8,2634,3773
611554,10,9,2883,5511
611554,11,0,2688,4034
611554,11,1,2855,4907
611554,11,2,2652,4170
611554,11,3,2863,4496
611554,11,4,2738,4266
611554,11,5,2528,3362
611554,11,6,2793,4332
611554,11,7,2653,3851
611554,11,8,3006,5790
611554,11,9,3029,5829
611554,12,0,2868,4950
611554,12,1,2727,4294
611554,12,2,2920,4592
611554,12,3,2739,4266
611554,12,4,2529,3363
611554,12,5,2792,4327
611554,12,6,2760,4227
611554,12,7,3030,5830
611554,12,8,3072,5925
611554,12,9,2781,4501
611554,14,0,2983,4744
611554,14,1,2810,4381
611554,14,2,2950,5585
611554,14,3,2791,4328
611554,14,4,3068,5857
611554,14,5,3105,5948
611554,14,6,3136,6082
611554,14,7,2858,4664
611554,14,8,2928,4571
611554,14,9,3083,5843
611554,15,0,2918,4652
611554,15,1,3008,5675
611554,15,2,2902,4596
611554,15,3,3099,5918
611554,15,4,3178,6300
611554,15,5,3172,6162
611554,15,6,2859,4665
611554,15,7,2929,4580
611554,15,8,3125,5931
611554,15,9,3027,5590
611554,17,0,2902,4600
611554,17,1,3114,5962
611554,17,2,3206,6362
611554,17,3,3191,6200
611554,17,4,3032,5544
611554,17,5,3034,4854
611554,17,6,3177,6029
611554,17,7,3111,5749
611554,17,8,3187,5997
611554,17,9,2887,4467
611554,19,0,3211,6375
611554,19,1,3281,6387
611554,19,2,3032,5546
611554,19,3,3259,6213
611554,19,4,3188,6053
611554,19,5,3110,5750
611554,19,6,3222,6069
611554,19,7,2885,4472
611554,19,8,3215,6011
611554,19,9,3100,5879
611554,2,0,2017,2062
611554,21,0,3026,5531
611554,21,1,3273,6262
611554,21,2,3196,6076
611554,21,3,3111,5765
611554,21,4,3296,6251
611554,21,5,2906,4510
611554,21,6,3229,6076
611554,21,7,3269,6444
611554,21,8,3204,6304
611554,21,9,3161,6103
611554,2,1,2011,2270
611554,2,2,2046,2302
611554,23,0,3196,6081
611554,23,1,3266,6246
611554,23,2,3331,6349
611554,23,3,3135,5875
611554,23,4,3241,6080
611554,23,5,3310,6530
611554,23,6,3217,6354
611554,23,7,3173,6119
611554,23,8,3388,6609
611554,23,9,3242,6408
611554,2,3,1915,2174
611554,2,4,1788,1935
611554,2,5,1783,2318
611554,26,0,3325,6503
611554,26,1,3306,6344
611554,26,2,3354,6617
611554,26,3,3330,6632
611554,26,4,3284,6303
611554,26,5,3392,6634
611554,26,6,3337,6586
611554,26,7,3330,6482
611554,26,8,3292,6388
611554,26,9,3233,6311
611554,2,6,1935,2342
611554,2,7,2060,3139
611554,2,8,1998,2134
611554,29,0,3374,6697
611554,29,1,3374,6508
611554,29,2,3405,6675
611554,29,3,3379,6668
611554,29,4,3432,6759
611554,29,5,3452,6758
611554,29,6,3360,6564
611554,29,7,3418,6755
611554,29,8,3461,6823
611554,29,9,3402,6706
611554,2,9,1946,2008
611554,3,0,2159,2503
611554,31,0,3459,6816
611554,31,1,3424,6748
611554,31,2,3461,6829
611554,31,3,3455,6789
611554,31,4,3360,6569
611554,31,5,3416,6750
611554,31,6,3461,6825
611554,31,7,3455,6789
611554,31,8,3360,6569
611554,31,9,3456,6799
611554,3,1,2067,2342
611554,32,0,3461,6829
611554,3,2,2058,2371
611554,3,3,1890,2044
611554,3,4,1924,2729
611554,3,5,2074,2595
611554,3,6,2297,4139
611554,3,7,2146,2380
611554,3,8,2106,2420
611554,3,9,2096,2611
611554,4,0,2130,2440
611554,4,1,2170,2530
611554,4,2,1952,2110
611554,4,3,2088,3027
611554,4,4,2234,2934
611554,4,5,2401,4497
611554,4,6,2144,2380
611554,4,7,2248,2706
611554,4,8,2163,2805
611554,4,9,2230,2896
611554,5,0,2374,3064
611554,5,1,2040,2246
611554,5,2,2410,4397
611554,5,3,2346,3063
611554,5,4,2452,4606
611554,5,5,2204,2477
611554,5,6,2289,2753
611554,5,7,2185,2867
611554,5,8,2353,3104
611554,5,9,2457,3562
611554,6,0,2041,2253
611554,6,1,2468,4475
611554,6,2,2636,4479
611554,6,3,2509,4692
611554,6,4,2286,2571
611554,6,5,2517,3644
611554,6,6,2285,3013
611554,6,7,2369,3154
611554,6,8,2513,3643
611554,6,9,2619,3999
611554,7,0,2663,4766
611554,7,1,2761,4692
611554,7,2,2620,4926
611554,7,3,2590,3989
611554,7,4,2503,3640
611554,7,5,2576,4429
611554,7,6,2370,3155
611554,7,7,2593,4007
611554,7,8,2654,4052
611554,7,9,2444,3169
611554,8,0,2773,4753
611554,8,1,2809,5183
611554,8,2,2605,4024
611554,8,3,2569,3801
611554,8,4,2680,4550
611554,8,5,2384,3180
611554,8,6,2714,4290
611554,8,7,2673,4125
611554,8,8,2461,3200
611554,8,9,2616,4009
611554,9,0,2835,5247
611554,9,1,2605,4025
611554,9,2,2612,3896
611554,9,3,2682,4558
611554,9,4,2412,3261
611554,9,5,2794,4382
611554,9,6,2674,4129
611554,9,7,2475,3235
611554,9,8,2638,4089
611554,9,9,2631,3765
619501,2,0,1142,1149
619501,2,1,1304,2102
619501,2,2,1390,2300
619501,2,3,1328,2192
619501,2,4,1304,2102
619501,2,5,1390,2300
619501,2,6,1142,1149
619501,2,7,1390,2300
619501,2,8,1305,2117
619501,2,9,1142,1149
619501,3,0,1306,2121
619501,3,1,1462,3140
619501,3,2,1329,2212
619501,3,3,1464,3131
619501,3,4,1463,3143
619501,3,5,1142,1149
619501,3,6,1462,3140
619501,3,7,1463,3143
619501,3,8,1333,2219
619501,3,9,1328,2210
619501,4,0,1466,3145
619501,4,1,1332,2218
619501,4,2,1466,3145
619501,4,3,1463,3140
619501,4,4,1332,2218
619501,4,5,1463,3140
619501,4,6,1468,3154
619501,4,7,1468,3154
619501,4,8,1332,2218
619501,4,9,1466,3145
619501,5,0,1468,3151
783244,10,0,1912,6058
783244,10,1,1788,4654
783244,10,2,1893,5405
783244,10,3,1959,5359
783244,10,4,1848,4709
783244,10,5,1728,3809
783244,10,6,1896,5235
783244,10,7,1647,3514
783244,10,8,1742,4484
783244,10,9,1988,6111
783244,11,0,1813,4957
783244,11,1,1931,5505
783244,11,2,1997,5651
783244,11,3,1882,4960
783244,11,4,1761,4081
783244,11,5,1924,5512
783244,11,6,1690,3820
783244,11,7,1807,4783
783244,11,8,2010,6370
783244,11,9,1837,4765
783244,12,0,1932,5507
783244,12,1,2015,5922
783244,12,2,1882,4963
783244,12,3,1784,4383
783244,12,4,1992,6191
783244,12,5,1738,4033
783244,12,6,1886,5063
783244,12,7,2087,6853
783244,12,8,1837,4764
783244,12,9,2076,6348
783244,14,0,2013,6133
783244,14,1,1804,4635
783244,14,2,2073,7070
783244,14,3,1791,4442
783244,14,4,2001,5996
783244,14,5,2118,7093
783244,14,6,1951,5486
783244,14,7,2162,7119
783244,14,8,1713,4292
783244,14,9,2064,6792
783244,15,0,1823,4834
783244,15,1,2073,7072
783244,15,2,1789,4446
783244,15,3,2060,6752
783244,15,4,2136,7301
783244,15,5,1996,5738
783244,15,6,2182,7349
783244,15,7,1827,5137
783244,15,8,2074,7011
783244,15,9,1985,5892
783244,17,0,1855,4992
783244,17,1,2060,6771
783244,17,2,2148,7478
783244,17,3,2026,6184
783244,17,4,2208,7730
783244,17,5,1984,6209
783244,17,6,2080,7136
783244,17,7,2001,6089
783244,17,8,2098,6700
783244,17,9,2038,6883
783244,19,0,2177,7816
783244,19,1,2041,6434
783244,19,2,2279,8319
783244,19,3,1991,6393
783244,19,4,2109,7329
783244,19,5,2087,6744
783244,19,6,2118,7069
783244,19,7,2065,7302
783244,19,8,1965,5553
783244,19,9,2060,6531
783244,2,0,1497,2391
783244,21,0,2291,8501
783244,21,1,2066,6778
783244,21,2,2202,8175
783244,21,3,2116,7152
783244,21,4,2140,7253
783244,21,5,2146,7695
783244,21,6,2079,6504
783244,21,7,2061,6549
783244,21,8,1990,6184
783244,21,9,1991,6372
783244,2,1,1439,1850
783244,2,2,1246,1252
783244,23,0,2263,9024
783244,23,1,2133,7397
783244,23,2,2147,7414
783244,23,3,2150,7708
783244,23,4,2123,6940
783244,23,5,2077,6754
783244,23,6,2013,6445
783244,23,7,1991,6377
783244,23,8,2230,8464
783244,23,9,2190,7353
783244,2,3,1401,1853
783244,2,4,1385,1801
783244,2,5,1450,2186
783244,26,0,2201,8263
783244,26,1,2183,7704
783244,26,2,2124,7374
783244,26,3,2099,7468
783244,26,4,2081,7281
783244,26,5,2270,8971
783244,26,6,2212,7537
783244,26,7,2081,6859
783244,26,8,2337,9220
783244,26,9,2197,7795
783244,2,6,1348,1774
783244,2,7,1505,2471
783244,28,0,2264,8281
783244,28,1,2264,8528
783244,28,2,2119,7609
783244,28,3,2294,9150
783244,28,4,2219,7577
783244,28,5,2093,7023
783244,28,6,2340,9253
783244,28,7,2282,8704
783244,28,8,2434,10044
783244,28,9,2250,8345
783244,2,8,1547,2500
783244,2,9,1435,1907
783244,3,0,1489,2265
783244,31,0,2354,10130
783244,31,1,2307,8821
783244,31,2,2121,7256
783244,31,3,2384,9934
783244,31,4,2346,9400
783244,31,5,2449,10367
783244,31,6,2293,8762
783244,31,7,2224,8368
783244,31,8,2329,9451
783244,31,9,2319,8528
783244,3,1,1364,1763
783244,3,2,1464,2237
783244,3,3,1452,2253
783244,3,4,1622,3207
783244,35,0,2401,10204
783244,35,1,2469,10757
783244,35,2,2309,8974
783244,35,3,2297,9415
783244,35,4,2384,9846
783244,35,5,2384,9621
783244,35,6,2411,10137
783244,35,7,2308,8656
783244,35,8,2331,10002
783244,35,9,2362,8994
783244,3,5,1413,2192
783244,3,6,1639,3383
783244,3,7,1623,3037
783244,3,8,1510,2421
783244,39,0,2460,10741
783244,39,1,2378,9717
783244,39,2,2427,10352
783244,39,3,2370,9613
783244,39,4,2358,10325
783244,39,5,2414,9815
783244,39,6,2409,10224
783244,39,7,2395,10566
783244,39,8,2414,10086
783244,39,9,2467,11286
783244,3,9,1521,2737
783244,4,0,1364,1763
783244,4,1,1539,2607
783244,4,2,1697,3402
783244,43,0,2474,11276
783244,43,1,2461,10590
783244,43,2,2478,11125
783244,43,3,2467,10887
783244,43,4,2474,10876
783244,43,5,2476,11416
783244,43,6,2487,11218
783244,43,7,2495,11394
783244,43,8,2519,11526
783244,43,9,2400,10369
783244,4,3,1699,3696
783244,4,4,1493,2589
783244,4,5,1754,3919
783244,4,6,1684,3452
783244,47,0,2482,11011
783244,47,1,2511,11492
783244,47,2,2514,11505
783244,47,3,2522,11627
783244,47,4,2518,11480
783244,47,5,2521,11621
783244,47,6,2522,11625
783244,47,7,2522,11624
783244,47,8,2470,11156
783244,47,9,2516,11485
783244,4,7,1589,2806
783244,48,0,2522,11625
783244,4,8,1628,3156
783244,4,9,1334,1782
783244,5,0,1685,3677
783244,5,1,1802,4287
783244,5,2,1741,4066
783244,5,3,1530,2933
783244,5,4,1839,4651
783244,5,5,1706,3797
783244,5,6,1617,3066
783244,5,7,1623,3167
783244,5,8,1447,2424
783244,5,9,1678,3368
783244,6,0,1835,4613
783244,6,1,1799,4397
783244,6,2,1719,4066
783244,6,3,1871,5031
783244,6,4,1793,4603
783244,6,5,1695,3613
783244,6,6,1665,3516
783244,6,7,1557,2835
783244,6,8,1714,3645
783244,6,9,1658,3219
783244,7,0,1827,4677
783244,7,1,1797,4389
783244,7,2,1869,5034
783244,7,3,1815,4929
783244,7,4,1710,3874
783244,7,5,1803,4535
783244,7,6,1795,3998
783244,7,7,1746,3900
783244,7,8,1653,3219
783244,7,9,1883,4974
783244,8,0,1817,4618
783244,8,1,1900,5305
783244,8,2,1849,5301
783244,8,3,1738,4128
783244,8,4,1810,4544
783244,8,5,1853,4319
783244,8,6,1828,4287
783244,8,7,1694,3506
783244,8,8,1902,5235
783244,8,9,1562,2953
783244,9,0,1925,5583
783244,9,1,1911,6055
783244,9,2,1768,4389
783244,9,3,1871,5166
783244,9,4,1879,4554
783244,9,5,1840,4526
783244,9,6,1679,3495
783244,9,7,1896,5235
783244,9,8,1629,3266
783244,9,9,1741,4483
988598,10,0,4400,6505
988598,10,1,4210,6497
988598,10,2,4375,6875
988598,10,3,3883,5697
988598,104,0,8445,17293
988598,104,1,8715,17888
988598,104,2,9036,18821
988598,104,3,8955,18649
988598,104,4,8489,17650
988598,104,5,9000,18603
988598,104,6,8500,17662
988598,104,7,8477,17409
988598,104,8,8792,17886
988598,104,9,8872,18384
988598,10,4,4358,6694
988598,10,5,4382,6892
988598,10,6,4095,6177
988598,10,7,4216,6491
988598,10,8,4355,6321
988598,10,9,3906,5545
988598,11,0,4396,6843
988598,11,1,4494,7112
988598,11,2,4026,6096
988598,11,3,4544,7164
988598,11,4,4512,7172
988598,115,0,9059,19038
988598,115,1,8892,18224
988598,115,2,8832,18502
988598,115,3,9234,19226
988598,115,4,9140,18762
988598,115,5,9114,18718
988598,115,6,9089,18771
988598,115,7,9084,18918
988598,115,8,8832,18579
988598,115,9,8981,18672
988598,11,5,4112,6205
988598,11,6,4309,6678
988598,11,7,4355,6321
988598,11,8,4152,6099
988598,11,9,3831,6285
988598,127,0,9352,19653
988598,127,1,9328,19625
988598,127,2,9326,19624
988598,127,3,9350,19642
988598,127,4,9352,19654
988598,127,5,9327,19621
988598,127,6,9341,19616
988598,127,7,9249,19545
988598,127,8,9338,19636
988598,127,9,9326,19624
988598,128,0,9352,19654
988598,13,0,4183,6561
988598,13,1,4728,7656
988598,13,2,4794,7852
988598,13,3,4348,6770
988598,13,4,4322,6718
988598,13,5,4511,6714
988598,13,6,4528,6968
988598,13,7,4086,6853
988598,13,8,4522,6966
988598,13,9,4723,7494
988598,14,0,4883,7835
988598,14,1,4826,7915
988598,14,2,4432,7015
988598,14,3,4336,6747
988598,14,4,4596,6930
988598,14,5,4664,7343
988598,14,6,4368,7324
988598,14,7,4539,7049
988598,14,8,4879,7691
988598,14,9,5338,8165
988598,16,0,4462,7135
988598,16,1,4694,7416
988598,16,2,4778,7493
988598,16,3,4897,7928
988598,16,4,4655,8011
988598,16,5,4737,7604
988598,16,6,5064,8182
988598,16,7,5476,8683
988598,16,8,5054,7894
988598,16,9,4745,7143
988598,17,0,4817,7821
988598,17,1,4785,7533
988598,17,2,4900,7944
988598,17,3,4788,8370
988598,17,4,4875,7886
988598,17,5,5106,8264
988598,17,6,5483,8708
988598,17,7,5266,8708
988598,17,8,4745,7143
988598,17,9,4523,7213
988598,19,0,5028,8214
988598,19,1,5037,8715
988598,19,2,5050,8417
988598,19,3,5332,8878
988598,19,4,5694,9262
988598,19,5,5358,8906
988598,19,6,4866,7374
988598,19,7,4737,7506
988598,19,8,5099,8106
988598,19,9,5162,8202
988598,2,0,2563,2830
988598,21,0,5221,8902
988598,21,1,5346,8986
988598,21,2,5759,9421
988598,21,3,5396,8992
988598,21,4,5212,7978
988598,21,5,4778,7589
988598,21,6,5363,8765
988598,21,7,5322,8659
988598,21,8,5491,9148
988598,21,9,4924,8081
988598,2,1,2572,2798
988598,2,2,2412,2652
988598,2,3,2354,2745
988598,24,0,5598,9560
988598,24,1,5533,8935
988598,24,2,5160,8570
988598,24,3,5512,9241
988598,24,4,5612,9600
988598,24,5,5749,9742
988598,24,6,5317,9034
988598,24,7,5099,8695
988598,24,8,5269,8806
988598,24,9,5405,9362
988598,2,4,2366,2743
988598,2,5,2399,2816
988598,26,0,5231,8821
988598,26,1,5585,9421
988598,26,2,5931,10234
988598,26,3,5995,10278
988598,26,4,5337,9070
988598,26,5,5157,8931
988598,26,6,5420,9004
988598,26,7,5561,9739
988598,26,8,5807,10349
988598,26,9,5533,9214
988598,2,6,2207,2574
988598,2,7,2496,2827
988598,2,8,2669,3129
988598,29,0,6268,10830
988598,29,1,5438,9356
988598,29,2,5248,9281
988598,29,3,5578,9235
988598,29,4,5835,10507
988598,29,5,6069,11066
988598,29,6,5900,10029
988598,29,7,5981,10907
988598,29,8,5866,10252
988598,29,9,5750,10340
988598,2,9,2522,2992
988598,3,0,2895,3549
988598,3,1,2940,3451
988598,3,2,2810,3645
988598,33,0,6267,11371
988598,33,1,6522,11907
988598,33,2,6295,11187
988598,33,3,6093,11332
988598,33,4,6119,10878
988598,33,5,5939,10868
988598,33,6,6008,10901
988598,33,7,5861,10360
988598,33,8,5671,9853
988598,33,9,6789,11965
988598,3,3,2945,3819
988598,3,4,2599,3320
988598,3,5,2459,3195
988598,36,0,6416,11861
988598,36,1,6164,10987
988598,36,2,6201,11255
988598,36,3,6246,11535
988598,36,4,6265,11205
988598,36,5,5973,10435
988598,36,6,6867,12210
988598,36,7,6444,11539
988598,36,8,6302,11529
988598,36,9,6494,11944
988598,3,6,2620,3108
988598,3,7,3130,3634
988598,3,8,2889,3743
988598,3,9,2971,3642
988598,40,0,6364,11507
988598,40,1,6070,10724
988598,40,2,6999,12675
988598,40,3,6651,12154
988598,40,4,6391,11774
988598,40,5,6750,12526
988598,40,6,6316,11172
988598,40,7,6814,13093
988598,40,8,6415,11428
988598,40,9,6326,11920
988598,4,0,3370,4308
988598,4,1,2963,3921
988598,4,2,3148,4174
988598,4,3,2855,3916
988598,4,4,2685,3557
988598,45,0,7058,13024
988598,45,1,6482,11700
988598,45,2,6926,13437
988598,45,3,6481,11641
988598,45,4,6576,12260
988598,45,5,6561,12267
988598,45,6,6810,13017
988598,45,7,6656,12825
988598,45,8,7460,14050
988598,45,9,6475,11697
988598,4,5,2913,3580
988598,4,6,3365,4226
988598,4,7,3157,4244
988598,4,8,3325,4350
988598,4,9,2915,3831
988598,50,0,6651,12512
988598,50,1,6967,13421
988598,50,2,6886,13505
988598,50,3,7544,14361
988598,50,4,6778,12712
988598,50,5,7280,13834
988598,50,6,7039,13651
988598,50,7,6947,13113
988598,50,8,6928,12828
988598,50,9,7159,13740
988598,5,0,3276,4561
988598,5,1,3333,4568
988598,5,2,3545,5064
988598,5,3,2918,4136
988598,5,4,3228,4373
988598,55,0,7336,13966
988598,55,1,7163,13885
988598,55,2,7039,13301
988598,55,3,7045,13117
988598,55,4,7365,14105
988598,55,5,7493,14612
988598,55,6,7216,14421
988598,55,7,7589,14365
988598,55,8,7408,14014
988598,55,9,7497,14580
988598,5,5,3451,4522
988598,5,6,3411,4626
988598,5,7,3527,4748
988598,5,8,3192,4442
988598,5,9,3596,4582
988598,6,0,3508,4788
988598,61,0,7433,15115
988598,61,1,7895,15175
988598,61,2,7833,15076
988598,61,3,7730,15249
988598,61,4,6933,13157
988598,61,5,7972,15649
988598,61,6,7107,14178
988598,61,7,7557,14527
988598,61,8,7070,13608
988598,61,9,7464,14570
988598,6,1,3648,5273
988598,6,2,3371,5044
988598,6,3,3345,4565
988598,6,4,3668,5046
988598,6,5,3556,5021
988598,6,6,3745,5355
988598,6,7,3459,4766
988598,68,0,7912,15358
988598,68,1,7423,14376
988598,68,2,7586,15039
988598,68,3,7499,14931
988598,68,4,8372,16438
988598,68,5,7405,13820
988598,68,6,6903,13439
988598,68,7,7762,15008
988598,68,8,7674,15213
988598,68,9,7650,14610
988598,6,8,3828,5136
988598,6,9,3748,5416
988598,7,0,3929,5808
988598,7,1,3838,5670
988598,7,2,3371,4638
988598,7,3,3867,5588
988598,7,4,3687,5284
988598,7,5,3891,5756
988598,76,0,7739,15389
988598,76,1,8015,15446
988598,76,2,7582,15219
988598,76,3,8383,16718
988598,76,4,7999,15763
988598,76,5,7493,14094
988598,76,6,8043,16204
988598,76,7,8145,16052
988598,76,8,8302,16629
988598,76,9,8001,16044
988598,7,6,3592,5154
988598,7,7,4081,5946
988598,7,8,3844,5582
988598,7,9,3917,5733
988598,8,0,4075,5991
988598,8,1,3529,4905
988598,8,2,3920,5711
988598,8,3,4001,5902
988598,84,0,8603,17571
988598,84,1,8247,16515
988598,84,2,8134,16499
988598,84,3,8484,17258
988598,84,4,7995,15931
988598,84,5,8297,17044
988598,84,6,8242,16792
988598,84,7,8550,17369
988598,84,8,8110,16765
988598,84,9,8509,16963
988598,8,4,4150,6290
988598,8,5,3663,5262
988598,8,6,4177,6119
988598,8,7,4084,6148
988598,8,8,3997,5867
988598,8,9,4024,6042
988598,9,0,3810,5585
988598,9,1,4356,6354
988598,9,2,4063,6065
988598,93,0,8708,17394
988598,93,1,8590,17651
988598,93,2,8171,16691
988598,93,3,8714,17595
988598,93,4,8314,16724
988598,93,5,8714,17580
988598,93,6,8576,17615
988598,93,7,8264,16747
988598,93,8,8804,17632
988598,93,9,8439,17013
988598,9,3,4235,6422
988598,9,4,3701,5369
988598,9,5,4207,6201
988598,9,6,4250,6504
988598,9,7,4039,6038
988598,9,8,4116,6257
988598,9,9,4308,6205
